scenario,sample_id,P01_R1,P01_R2,P01_R3,P01_R4,P01_R5,P01_R6,P02_R1,P02_R2,P02_R3,P02_R4,P02_R5,P02_R6,P03_R1,P03_R2,P03_R3,P03_R4,P03_R5,P03_R6,P04_R1,P04_R2,P04_R3,P04_R4,P04_R5,P04_R6,P05_R1,P05_R2,P05_R3,P05_R4,P05_R5,P05_R6,P06_R1,P06_R2,P06_R3,P06_R4,P06_R5,P06_R6,P07_R1,P07_R2,P07_R3,P07_R4,P07_R5,P07_R6,P08_R1,P08_R2,P08_R3,P08_R4,P08_R5,P08_R6,P09_R1,P09_R2,P09_R3,P09_R4,P09_R5,P09_R6,P10_R1,P10_R2,P10_R3,P10_R4,P10_R5,P10_R6,P11_R1,P11_R2,P11_R3,P11_R4,P11_R5,P11_R6,P12_R1,P12_R2,P12_R3,P12_R4,P12_R5,P12_R6,P13_R1,P13_R2,P13_R3,P13_R4,P13_R5,P13_R6,P14_R1,P14_R2,P14_R3,P14_R4,P14_R5,P14_R6,P15_R1,P15_R2,P15_R3,P15_R4,P15_R5,P15_R6,P16_R1,P16_R2,P16_R3,P16_R4,P16_R5,P16_R6,P17_R1,P17_R2,P17_R3,P17_R4,P17_R5,P17_R6,P18_R1,P18_R2,P18_R3,P18_R4,P18_R5,P18_R6
1,0,25,8,8,9,1,0,38,13,30,12,0,0,12,4,5,3,0,0,17,6,19,6,0,0,11,4,5,4,0,0,18,6,20,6,0,0,11,4,5,4,0,0,18,7,20,6,0,0,13,4,5,3,0,0,17,6,20,6,0,0,12,4,5,4,0,0,18,6,20,5,0,0,12,4,5,4,0,0,19,6,19,6,0,0,24,9,0,8,0,7,33,13,0,14,0,7,37,11,0,12,0,7,51,13,0,17,0,0
1,1,24,8,7,8,1,0,35,11,29,13,0,0,12,4,5,4,0,0,19,6,20,6,0,0,11,4,5,4,0,0,18,6,20,6,0,0,11,4,5,5,0,0,18,6,20,5,0,0,12,4,6,4,0,0,18,6,19,6,0,0,13,4,5,4,0,0,17,6,21,6,0,0,12,4,5,3,0,0,18,6,20,6,0,0,26,7,0,8,0,7,36,14,0,10,0,7,38,10,0,10,0,7,49,16,0,15,0,0
1,2,24,8,8,8,1,0,35,13,31,11,0,0,13,4,5,5,0,0,18,6,19,6,0,0,12,4,5,4,0,0,18,6,20,7,0,0,12,4,5,4,0,0,18,6,20,6,0,0,11,3,5,4,0,0,18,6,20,6,0,0,11,4,5,4,0,0,18,6,21,6,0,0,11,4,5,4,0,0,18,7,20,6,0,0,25,8,0,8,0,7,36,11,0,12,0,5,37,10,0,11,0,7,46,15,0,17,0,0
1,3,24,8,7,9,1,0,36,12,31,11,0,0,12,4,5,4,0,0,18,6,20,7,0,0,12,4,5,5,0,0,19,5,20,6,0,0,12,4,5,4,0,0,18,5,19,6,0,0,11,5,5,4,0,0,18,6,19,6,0,0,12,4,5,4,0,0,18,6,20,6,0,0,12,5,5,5,0,0,17,6,20,6,0,0,23,8,0,8,0,9,37,11,0,13,0,7,37,11,0,11,0,7,48,16,0,18,0,0
1,4,25,8,7,9,1,0,38,12,31,12,0,0,12,4,5,4,0,0,17,7,19,6,0,0,13,4,5,4,0,0,18,6,20,6,0,0,13,4,5,4,0,0,18,6,19,6,0,0,12,4,5,4,0,0,17,6,20,6,0,0,12,4,5,4,0,0,18,6,20,6,0,0,12,4,5,5,0,0,18,6,20,6,0,0,24,8,0,8,0,8,37,14,0,13,0,6,38,12,0,15,0,6,47,13,0,15,0,0
1,5,24,8,8,9,1,0,37,11,32,13,0,0,12,3,5,4,0,0,19,5,20,6,0,0,12,4,5,4,0,0,18,6,20,6,0,0,11,3,5,4,0,0,18,7,20,6,0,0,12,5,6,4,0,0,19,6,21,6,0,0,12,4,4,4,0,0,17,6,20,7,0,0,12,5,5,3,0,0,18,6,20,5,0,0,24,7,0,8,0,7,35,11,0,12,0,6,37,11,0,11,0,6,47,14,0,19,0,0
1,6,23,8,7,8,1,0,35,12,30,10,0,0,11,4,6,4,0,0,18,6,22,6,0,0,12,4,4,4,0,0,17,6,20,6,0,0,13,4,5,4,0,0,18,6,21,6,0,0,11,4,5,4,0,0,19,7,19,6,0,0,12,4,5,4,0,0,18,6,20,6,0,0,12,4,5,4,0,0,18,6,20,6,0,0,22,8,0,8,0,7,32,10,0,12,0,6,37,10,0,12,0,6,48,15,0,15,0,0
1,7,23,9,7,8,1,0,35,12,30,12,0,0,12,4,5,4,0,0,18,6,20,6,0,0,12,4,5,4,0,0,19,6,20,6,0,0,12,3,5,3,0,0,18,6,21,6,0,0,12,4,4,4,0,0,19,6,21,6,0,0,12,4,6,4,0,0,18,6,19,6,0,0,11,4,5,4,0,0,18,6,20,6,0,0,23,8,0,8,0,7,38,14,0,13,0,6,33,10,0,14,0,7,49,14,0,19,0,0
1,8,24,8,8,8,1,0,39,13,32,12,0,0,11,4,5,4,0,0,17,7,20,6,0,0,11,3,5,4,0,0,17,6,20,7,0,0,12,3,5,4,0,0,16,6,20,6,0,0,13,4,5,4,0,0,20,6,20,6,0,0,12,4,5,4,0,0,18,6,20,6,0,0,12,5,4,4,0,0,19,5,20,6,0,0,23,7,0,7,0,9,39,13,0,10,0,7,33,13,0,12,0,7,49,16,0,18,0,0
1,9,25,8,7,8,1,0,36,12,31,12,0,0,11,3,5,4,0,0,19,5,21,6,0,0,12,4,5,4,0,0,19,6,20,6,0,0,12,4,4,4,0,0,18,6,20,6,0,0,12,4,5,4,0,0,17,6,19,6,0,0,12,4,5,5,0,0,19,5,19,6,0,0,12,4,5,4,0,0,17,6,19,6,0,0,23,7,0,9,0,10,37,12,0,11,0,6,36,15,0,12,0,6,48,18,0,15,0,0
1,10,25,8,8,9,1,0,35,12,30,12,0,0,12,4,5,4,0,0,18,6,21,6,0,0,12,3,5,4,0,0,18,6,19,6,0,0,12,4,5,4,0,0,19,6,20,6,0,0,12,4,5,4,0,0,19,6,20,6,0,0,13,4,5,4,0,0,18,6,20,6,0,0,12,4,6,4,0,0,18,6,21,6,0,0,24,8,0,7,0,7,34,12,0,12,0,6,38,12,0,12,0,6,49,16,0,17,0,0
1,11,27,8,7,8,1,0,38,13,29,11,0,0,12,4,5,4,0,0,17,7,21,6,0,0,12,4,5,4,0,0,19,6,19,6,0,0,12,4,6,4,0,0,18,6,21,7,0,0,12,4,5,4,0,0,19,6,20,6,0,0,13,4,5,4,0,0,19,6,20,6,0,0,12,4,5,4,0,0,18,6,21,6,0,0,24,7,0,8,0,9,35,12,0,12,0,7,37,13,0,12,0,7,50,15,0,16,0,0
1,12,26,7,7,8,1,0,35,13,29,11,0,0,12,4,5,4,0,0,18,6,19,6,0,0,12,4,6,4,0,0,17,6,20,6,0,0,12,4,5,4,0,0,18,6,20,6,0,0,12,4,5,4,0,0,18,6,20,6,0,0,12,5,5,4,0,0,18,6,21,6,0,0,12,3,5,3,0,0,17,6,21,6,0,0,23,8,0,8,0,9,38,12,0,12,0,5,35,11,0,11,0,8,49,15,0,17,0,0
1,13,25,8,7,8,1,0,37,13,29,13,0,0,12,5,5,5,0,0,18,6,20,6,0,0,12,4,5,4,0,0,19,7,20,6,0,0,12,4,5,4,0,0,17,6,20,6,0,0,13,4,5,4,0,0,19,7,20,6,0,0,12,4,5,4,0,0,17,6,21,6,0,0,12,4,5,4,0,0,18,6,21,6,0,0,24,9,0,6,0,7,35,11,0,10,0,6,37,12,0,13,0,6,50,15,0,14,0,0
1,14,26,9,7,8,1,0,37,12,31,12,0,0,12,4,5,4,0,0,18,6,20,6,0,0,12,3,5,4,0,0,19,5,21,6,0,0,13,4,5,4,0,0,18,7,20,6,0,0,13,4,5,4,0,0,20,6,20,6,0,0,13,4,5,4,0,0,19,6,20,6,0,0,12,4,5,4,0,0,19,6,20,6,0,0,25,7,0,8,0,8,39,12,0,12,0,7,34,10,0,14,0,6,43,15,0,14,0,0
1,15,25,8,9,9,1,0,39,11,28,13,0,0,14,4,5,4,0,0,19,6,20,6,0,0,12,4,5,3,0,0,18,6,19,6,0,0,13,4,4,4,0,0,19,6,20,6,0,0,11,4,5,4,0,0,18,5,20,6,0,0,12,4,5,4,0,0,18,6,20,6,0,0,12,4,5,4,0,0,19,6,20,6,0,0,25,8,0,9,0,8,34,15,0,10,0,7,37,12,0,12,0,7,50,19,0,15,0,0
1,16,24,10,7,9,1,0,37,13,30,12,0,0,12,4,5,4,0,0,18,6,20,5,0,0,12,4,4,4,0,0,19,6,21,6,0,0,12,4,5,4,0,0,18,6,20,6,0,0,12,4,5,4,0,0,19,6,19,6,0,0,13,4,6,4,0,0,18,6,20,6,0,0,12,4,5,4,0,0,17,6,19,5,0,0,24,10,0,8,0,8,36,13,0,12,0,7,35,13,0,12,0,7,46,16,0,16,0,0
1,17,25,8,8,9,1,0,34,11,30,12,0,0,12,4,5,4,0,0,18,6,19,6,0,0,12,4,5,5,0,0,19,6,21,6,0,0,12,4,5,4,0,0,18,6,20,6,0,0,13,4,5,3,0,0,19,6,20,6,0,0,11,4,5,4,0,0,16,6,20,6,0,0,12,4,5,4,0,0,17,6,20,6,0,0,23,8,0,7,0,9,33,10,0,14,0,6,38,11,0,14,0,6,53,15,0,17,0,0
1,18,26,9,8,7,1,0,39,12,30,12,0,0,11,4,5,4,0,0,17,6,21,6,0,0,13,4,5,5,0,0,18,6,21,6,0,0,12,5,5,4,0,0,18,6,21,6,0,0,12,4,5,4,0,0,17,5,21,6,0,0,12,4,5,4,0,0,19,6,20,6,0,0,12,5,5,4,0,0,18,6,20,6,0,0,24,8,0,8,0,9,36,12,0,14,0,8,37,10,0,13,0,7,49,16,0,14,0,0
1,19,23,8,8,9,1,0,37,13,29,12,0,0,12,4,5,4,0,0,18,6,20,6,0,0,12,5,5,4,0,0,19,6,19,5,0,0,13,4,6,4,0,0,18,7,21,7,0,0,13,4,5,4,0,0,18,6,20,6,0,0,12,4,5,4,0,0,19,6,20,6,0,0,11,4,5,5,0,0,18,6,21,6,0,0,25,8,0,7,0,9,40,14,0,11,0,7,32,12,0,12,0,6,49,15,0,14,0,0
2,0,36,14,11,12,2,0,52,18,41,19,0,0,24,8,7,7,0,0,36,12,31,11,0,0,26,8,7,8,0,0,33,13,31,12,0,0,24,8,7,8,0,0,37,11,30,11,0,0,25,8,7,9,0,0,35,11,30,13,0,0,23,8,8,8,0,0,36,12,29,12,0,0,22,6,8,9,0,0,33,11,31,13,0,0,24,8,0,8,0,8,34,11,0,11,0,8,37,12,0,12,0,7,48,16,0,20,0,0
2,1,34,12,11,12,2,0,53,20,41,18,0,0,26,8,8,8,0,0,35,12,31,12,0,0,23,7,8,9,0,0,35,12,31,12,0,0,25,7,8,8,0,0,37,13,33,12,0,0,24,8,7,8,0,0,36,12,31,11,0,0,26,9,7,7,0,0,35,13,30,11,0,0,23,9,8,8,0,0,35,12,29,13,0,0,24,9,0,9,0,8,37,12,0,11,0,6,38,11,0,12,0,6,49,15,0,17,0,0
2,2,36,14,9,11,2,0,55,18,41,19,0,0,25,8,8,9,0,0,36,11,31,12,0,0,21,9,7,8,0,0,36,12,31,12,0,0,25,8,8,8,0,0,35,13,29,13,0,0,25,9,7,8,0,0,36,12,31,11,0,0,23,7,8,9,0,0,36,12,30,13,0,0,23,8,8,8,0,0,36,13,27,12,0,0,23,7,0,8,0,8,38,14,0,14,0,7,36,10,0,12,0,8,48,16,0,17,0,0
2,3,40,11,10,11,2,0,54,18,39,17,0,0,24,7,8,8,0,0,34,12,29,12,0,0,26,7,8,8,0,0,37,12,29,12,0,0,23,9,8,9,0,0,36,12,28,11,0,0,22,8,8,7,0,0,37,12,30,13,0,0,25,8,7,7,0,0,35,12,29,12,0,0,24,8,7,8,0,0,37,11,31,12,0,0,24,8,0,8,0,8,35,12,0,10,0,7,36,12,0,9,0,7,48,15,0,18,0,0
2,4,38,12,10,14,2,0,56,17,42,18,0,0,24,8,7,9,0,0,37,11,31,11,0,0,25,9,7,8,0,0,34,12,30,13,0,0,26,9,7,8,0,0,34,11,31,13,0,0,22,8,7,8,0,0,35,12,30,12,0,0,25,8,7,8,0,0,36,12,30,13,0,0,25,8,8,8,0,0,38,12,30,12,0,0,22,7,0,7,0,9,41,13,0,13,0,6,34,11,0,12,0,5,50,15,0,16,0,0
2,5,34,9,10,13,2,0,55,18,40,21,0,0,22,8,8,9,0,0,36,12,30,12,0,0,24,8,7,8,0,0,36,13,30,11,0,0,26,7,7,8,0,0,38,11,33,13,0,0,24,8,8,8,0,0,37,12,30,12,0,0,24,8,8,8,0,0,32,12,30,12,0,0,23,9,8,7,0,0,37,11,29,12,0,0,25,9,0,8,0,8,35,13,0,13,0,7,37,12,0,13,0,6,48,15,0,15,0,0
2,6,34,12,9,12,2,0,55,19,38,17,0,0,23,7,8,8,0,0,36,11,31,11,0,0,24,8,8,7,0,0,32,12,32,13,0,0,24,8,8,7,0,0,37,12,31,14,0,0,25,8,7,7,0,0,35,12,29,12,0,0,23,9,8,8,0,0,36,12,31,11,0,0,23,8,7,7,0,0,35,13,30,12,0,0,25,8,0,8,0,8,35,9,0,12,0,7,38,14,0,12,0,6,47,17,0,18,0,0
2,7,35,12,10,11,2,0,51,17,40,18,0,0,26,8,8,8,0,0,34,13,30,12,0,0,22,7,8,8,0,0,35,11,31,11,0,0,26,7,8,8,0,0,37,12,30,12,0,0,23,8,7,8,0,0,35,10,30,14,0,0,25,8,7,8,0,0,37,11,31,12,0,0,25,8,8,8,0,0,37,12,29,12,0,0,26,7,0,7,0,8,36,12,0,12,0,6,34,12,0,10,0,8,48,16,0,14,0,0
2,8,35,12,11,13,2,0,55,19,42,17,0,0,23,7,7,8,0,0,37,12,30,12,0,0,23,9,7,8,0,0,39,12,30,12,0,0,24,9,6,9,0,0,34,12,30,12,0,0,22,8,9,7,0,0,36,12,30,12,0,0,23,8,8,8,0,0,37,11,29,12,0,0,26,8,7,8,0,0,34,12,31,12,0,0,24,8,0,8,0,9,35,12,0,11,0,6,35,14,0,14,0,5,50,15,0,17,0,0
2,9,38,11,10,12,2,0,55,18,41,20,0,0,22,9,8,7,0,0,34,12,31,12,0,0,26,7,7,7,0,0,37,13,30,10,0,0,24,8,8,9,0,0,35,12,31,11,0,0,24,8,7,8,0,0,35,12,30,11,0,0,22,8,7,8,0,0,37,11,29,13,0,0,23,8,8,9,0,0,36,12,31,13,0,0,25,8,0,7,0,8,37,14,0,13,0,7,34,11,0,12,0,9,49,16,0,17,0,0
2,10,35,14,10,12,2,0,56,17,39,17,0,0,25,9,8,9,0,0,36,12,29,12,0,0,25,9,7,8,0,0,34,12,31,12,0,0,25,8,8,8,0,0,37,12,30,12,0,0,21,9,7,7,0,0,37,12,31,12,0,0,25,7,8,8,0,0,35,12,28,12,0,0,23,7,7,9,0,0,35,13,29,11,0,0,23,9,0,8,0,8,37,13,0,14,0,6,35,12,0,11,0,7,48,16,0,15,0,0
2,11,34,13,11,10,2,0,53,18,38,17,0,0,23,8,8,8,0,0,36,12,30,13,0,0,26,7,8,9,0,0,34,13,32,11,0,0,23,9,8,8,0,0,36,12,29,13,0,0,26,8,7,7,0,0,37,12,30,13,0,0,24,8,7,8,0,0,36,12,30,12,0,0,25,8,7,9,0,0,38,11,31,12,0,0,24,8,0,8,0,8,34,11,0,12,0,7,39,11,0,12,0,7,48,17,0,17,0,0
2,12,38,13,9,12,2,0,56,20,39,17,0,0,24,8,7,9,0,0,34,12,29,13,0,0,27,7,7,9,0,0,35,12,30,11,0,0,24,8,7,9,0,0,34,13,30,12,0,0,25,8,8,9,0,0,36,12,29,11,0,0,28,9,7,7,0,0,37,12,31,12,0,0,24,8,8,7,0,0,36,11,30,14,0,0,24,8,0,9,0,8,37,15,0,10,0,6,37,11,0,11,0,7,50,14,0,16,0,0
2,13,33,12,10,14,2,0,53,19,43,16,0,0,21,9,8,7,0,0,37,10,30,12,0,0,25,7,8,7,0,0,36,11,30,11,0,0,25,9,7,8,0,0,34,12,30,14,0,0,22,9,8,8,0,0,38,12,30,12,0,0,26,9,7,7,0,0,36,11,30,13,0,0,23,8,8,9,0,0,33,12,30,13,0,0,24,7,0,8,0,7,35,12,0,11,0,7,39,13,0,10,0,7,49,17,0,15,0,0
2,14,37,13,10,13,2,0,55,17,42,19,0,0,23,8,8,8,0,0,36,12,32,13,0,0,24,9,7,8,0,0,39,12,29,12,0,0,22,7,7,7,0,0,36,13,29,13,0,0,25,9,7,9,0,0,34,13,30,12,0,0,22,7,8,7,0,0,37,11,31,11,0,0,25,8,7,8,0,0,36,12,29,11,0,0,24,7,0,8,0,8,35,12,0,13,0,7,37,10,0,13,0,6,47,16,0,16,0,0
2,15,39,13,9,13,2,0,56,20,41,18,0,0,25,8,8,8,0,0,38,11,32,12,0,0,22,8,6,8,0,0,37,12,30,13,0,0,23,7,8,9,0,0,36,13,31,12,0,0,23,9,8,8,0,0,35,13,29,12,0,0,24,9,8,8,0,0,37,12,31,10,0,0,24,8,7,8,0,0,36,13,32,12,0,0,24,8,0,8,0,7,34,13,0,13,0,7,35,12,0,13,0,7,47,16,0,16,0,0
2,16,36,10,10,12,2,0,54,18,41,17,0,0,22,7,7,8,0,0,35,11,30,12,0,0,25,8,7,7,0,0,36,11,31,11,0,0,23,8,8,10,0,0,36,11,30,11,0,0,24,7,8,8,0,0,36,12,32,12,0,0,27,9,8,8,0,0,37,11,30,13,0,0,24,7,7,9,0,0,38,12,31,12,0,0,22,7,0,9,0,8,35,15,0,14,0,6,37,10,0,14,0,7,46,15,0,15,0,0
2,17,35,11,11,11,2,0,53,17,40,19,0,0,24,8,8,7,0,0,37,12,30,11,0,0,23,8,8,8,0,0,37,11,29,12,0,0,23,7,7,8,0,0,36,11,28,12,0,0,25,6,7,8,0,0,38,12,30,12,0,0,21,9,8,8,0,0,41,11,32,12,0,0,24,8,7,8,0,0,36,11,31,12,0,0,23,8,0,9,0,8,34,13,0,13,0,6,37,12,0,14,0,7,48,16,0,16,0,0
2,18,36,12,11,13,2,0,52,19,41,19,0,0,23,8,7,8,0,0,37,12,31,12,0,0,24,7,8,6,0,0,36,11,31,13,0,0,25,9,7,9,0,0,37,12,31,11,0,0,23,8,7,7,0,0,38,12,30,12,0,0,21,8,7,8,0,0,34,13,31,12,0,0,26,7,8,8,0,0,36,13,31,12,0,0,22,7,0,8,0,7,41,14,0,13,0,6,34,12,0,12,0,7,48,13,0,15,0,0
2,19,40,13,9,12,2,0,53,18,42,17,0,0,22,8,8,7,0,0,32,12,31,13,0,0,23,8,8,7,0,0,35,12,30,12,0,0,24,6,7,8,0,0,35,12,30,12,0,0,24,7,7,8,0,0,36,12,30,12,0,0,21,9,7,8,0,0,38,11,29,12,0,0,23,9,7,8,0,0,36,11,30,12,0,0,24,8,0,8,0,8,40,12,0,12,0,6,40,12,0,14,0,8,50,17,0,16,0,0
3,0,26,8,7,7,1,0,36,13,28,12,0,0,21,9,7,8,1,0,37,12,30,12,0,0,23,9,8,9,0,0,35,12,29,12,0,0,12,3,5,4,0,0,18,6,20,6,0,0,12,4,5,5,0,0,18,6,20,6,0,0,12,4,4,4,0,0,18,6,20,6,0,0,11,4,5,4,0,0,19,6,20,6,0,0,25,7,0,8,0,8,37,11,0,11,0,6,38,12,0,8,0,6,45,14,0,16,0,0
3,1,24,8,8,8,1,0,34,12,30,12,0,0,23,7,8,7,1,0,35,11,29,13,0,0,25,9,8,7,0,0,36,11,31,11,0,0,13,4,6,4,0,0,18,7,20,5,0,0,11,4,4,4,0,0,18,6,20,6,0,0,13,4,5,4,0,0,19,6,20,6,0,0,11,5,6,4,0,0,19,5,20,6,0,0,25,7,0,9,0,8,37,11,0,11,0,7,36,11,0,9,0,8,45,16,0,17,0,0
3,2,24,9,8,10,1,0,36,13,30,12,0,0,24,7,8,8,1,0,37,12,29,12,0,0,26,9,7,8,0,0,35,13,31,13,0,0,11,4,5,4,0,0,18,6,21,6,0,0,11,4,5,4,0,0,18,6,19,6,0,0,11,4,4,5,0,0,18,6,20,6,0,0,13,3,5,4,0,0,17,6,21,6,0,0,23,9,0,8,0,8,34,13,0,13,0,7,40,12,0,10,0,8,46,16,0,17,0,0
3,3,23,9,9,8,1,0,36,13,30,12,0,0,23,7,8,9,1,0,37,13,29,11,0,0,24,8,8,8,0,0,36,11,31,11,0,0,13,4,6,4,0,0,18,6,20,6,0,0,12,4,5,4,0,0,17,6,19,6,0,0,11,3,5,4,0,0,19,6,20,6,0,0,12,4,5,4,0,0,19,5,19,6,0,0,23,8,0,8,0,9,36,13,0,13,0,6,36,13,0,12,0,6,48,16,0,19,0,0
3,4,25,9,9,8,1,0,36,12,30,10,0,0,25,8,7,9,1,0,39,11,29,12,0,0,25,8,7,8,0,0,35,12,30,12,0,0,11,4,5,4,0,0,18,6,20,6,0,0,12,4,6,4,0,0,18,6,19,6,0,0,12,4,5,5,0,0,18,6,20,6,0,0,12,4,5,4,0,0,18,6,18,7,0,0,25,8,0,8,0,9,40,12,0,13,0,6,35,12,0,11,0,7,48,16,0,15,0,0
3,5,22,9,6,9,1,0,32,12,30,11,0,0,23,9,8,7,1,0,36,12,29,12,0,0,27,9,7,8,0,0,36,13,29,12,0,0,12,4,5,4,0,0,18,6,20,6,0,0,11,5,4,4,0,0,18,6,20,6,0,0,11,4,4,4,0,0,19,6,19,6,0,0,13,3,5,4,0,0,19,6,19,7,0,0,26,8,0,7,0,8,37,14,0,13,0,8,37,13,0,14,0,7,47,14,0,16,0,0
3,6,21,8,8,8,1,0,36,11,28,13,0,0,25,8,8,9,1,0,36,13,30,12,0,0,22,8,7,8,0,0,35,11,32,13,0,0,13,4,5,4,0,0,18,6,21,6,0,0,13,4,6,4,0,0,19,6,19,6,0,0,12,4,5,4,0,0,19,6,21,6,0,0,11,4,5,4,0,0,18,6,20,6,0,0,25,8,0,7,0,9,38,10,0,12,0,7,40,11,0,11,0,6,47,17,0,15,0,0
3,7,25,8,8,8,1,0,37,12,30,11,0,0,24,7,7,8,1,0,35,12,31,12,0,0,23,8,8,8,0,0,33,12,32,12,0,0,12,4,5,4,0,0,17,6,20,6,0,0,12,4,5,4,0,0,19,6,20,6,0,0,12,4,5,4,0,0,18,6,21,6,0,0,11,5,5,4,0,0,18,6,21,6,0,0,25,9,0,8,0,8,38,12,0,13,0,6,34,12,0,12,0,8,49,16,0,14,0,0
3,8,24,7,8,8,1,0,36,12,31,13,0,0,22,7,7,8,1,0,34,10,31,11,0,0,21,8,8,8,0,0,35,12,30,11,0,0,12,4,5,4,0,0,17,6,19,6,0,0,13,4,5,4,0,0,19,6,20,5,0,0,12,5,5,4,0,0,18,6,19,6,0,0,12,4,5,4,0,0,18,6,21,6,0,0,23,7,0,7,0,7,33,9,0,12,0,6,34,10,0,13,0,7,46,16,0,18,0,0
3,9,23,8,7,8,1,0,36,11,29,11,0,0,22,7,8,7,1,0,33,12,31,11,0,0,25,7,8,7,0,0,33,12,30,12,0,0,11,4,5,4,0,0,18,6,21,6,0,0,12,4,5,4,0,0,18,6,19,6,0,0,12,4,5,4,0,0,18,6,20,6,0,0,11,5,5,4,0,0,18,6,19,6,0,0,24,9,0,7,0,8,33,13,0,11,0,6,34,12,0,12,0,6,49,18,0,16,0,0
3,10,22,8,7,7,1,0,37,12,28,12,0,0,24,8,7,7,1,0,33,12,30,13,0,0,25,8,7,7,0,0,35,13,31,12,0,0,12,4,5,4,0,0,19,6,21,6,0,0,13,4,5,4,0,0,17,6,21,6,0,0,11,4,5,4,0,0,19,6,21,6,0,0,12,3,5,4,0,0,19,6,19,6,0,0,25,9,0,9,0,8,37,14,0,10,0,6,37,14,0,11,0,6,50,17,0,17,0,0
3,11,22,8,7,9,1,0,35,12,30,13,0,0,24,8,8,8,1,0,37,12,28,13,0,0,26,8,7,8,0,0,36,12,30,12,0,0,13,4,5,4,0,0,19,7,19,6,0,0,11,4,5,5,0,0,17,5,20,5,0,0,13,3,5,3,0,0,18,7,20,6,0,0,12,4,5,4,0,0,18,5,20,6,0,0,25,8,0,7,0,8,36,11,0,11,0,6,36,15,0,10,0,7,47,16,0,15,0,0
3,12,26,9,8,7,1,0,35,13,31,12,0,0,24,8,8,9,1,0,37,12,31,14,0,0,24,8,7,8,0,0,37,12,29,12,0,0,13,4,5,4,0,0,18,6,19,6,0,0,11,4,5,4,0,0,17,6,20,6,0,0,11,4,5,4,0,0,18,5,20,6,0,0,12,4,6,3,0,0,19,6,21,6,0,0,25,8,0,7,0,8,36,14,0,11,0,6,36,12,0,10,0,8,50,16,0,16,0,0
3,13,26,8,8,9,1,0,34,13,30,12,0,0,21,8,7,8,1,0,36,12,29,11,0,0,27,8,8,8,0,0,36,13,31,12,0,0,12,4,5,4,0,0,18,6,21,6,0,0,12,3,4,4,0,0,18,6,20,6,0,0,13,4,5,4,0,0,18,6,20,6,0,0,12,4,5,4,0,0,17,6,21,6,0,0,24,9,0,8,0,8,35,11,0,12,0,7,37,14,0,12,0,6,46,15,0,15,0,0
3,14,27,8,7,8,1,0,38,10,28,12,0,0,26,7,6,8,1,0,35,11,30,12,0,0,25,6,7,7,0,0,36,12,31,11,0,0,12,4,6,4,0,0,18,5,18,6,0,0,12,4,5,4,0,0,19,6,20,6,0,0,11,4,5,4,0,0,17,6,21,6,0,0,13,4,4,4,0,0,18,6,20,5,0,0,24,9,0,8,0,9,36,12,0,11,0,7,34,14,0,12,0,7,47,17,0,16,0,0
3,15,25,8,7,7,1,0,35,11,29,11,0,0,24,8,7,8,1,0,34,13,31,11,0,0,24,8,8,9,0,0,37,12,30,11,0,0,12,4,4,4,0,0,18,6,19,6,0,0,11,4,5,4,0,0,17,6,20,6,0,0,12,4,4,4,0,0,18,6,21,6,0,0,13,4,5,4,0,0,18,6,19,6,0,0,25,8,0,9,0,8,37,10,0,13,0,7,35,10,0,13,0,6,50,16,0,19,0,0
3,16,23,8,7,7,1,0,33,12,30,11,0,0,25,8,8,8,1,0,36,11,30,13,0,0,23,9,7,8,0,0,35,12,28,12,0,0,11,4,5,4,0,0,16,7,20,6,0,0,12,4,5,4,0,0,18,6,20,6,0,0,12,4,5,4,0,0,18,6,21,6,0,0,11,4,5,4,0,0,18,6,19,6,0,0,24,9,0,8,0,8,38,11,0,12,0,5,36,13,0,12,0,6,43,18,0,15,0,0
3,17,25,7,7,8,1,0,35,11,28,12,0,0,23,8,8,9,1,0,37,11,30,12,0,0,25,7,7,7,0,0,36,12,31,12,0,0,12,4,5,4,0,0,18,6,19,5,0,0,12,4,6,4,0,0,19,6,19,6,0,0,12,4,5,4,0,0,19,6,20,6,0,0,12,4,5,4,0,0,19,6,20,6,0,0,25,8,0,7,0,8,38,12,0,13,0,6,35,13,0,14,0,7,43,14,0,15,0,0
3,18,22,8,7,8,1,0,37,12,29,13,0,0,23,7,7,7,1,0,36,11,30,13,0,0,25,9,8,9,0,0,34,13,30,12,0,0,12,4,5,4,0,0,18,6,20,6,0,0,12,4,5,5,0,0,17,6,20,6,0,0,12,4,5,4,0,0,19,6,21,6,0,0,12,4,5,4,0,0,18,6,19,7,0,0,23,8,0,9,0,9,33,14,0,12,0,6,38,11,0,11,0,6,52,15,0,17,0,0
3,19,23,8,8,8,1,0,37,12,29,12,0,0,24,8,6,8,1,0,38,12,31,12,0,0,25,9,8,7,0,0,36,12,30,12,0,0,11,4,4,4,0,0,18,6,20,6,0,0,10,4,5,4,0,0,19,6,21,6,0,0,13,4,5,4,0,0,18,5,20,6,0,0,13,4,4,4,0,0,17,5,18,6,0,0,24,8,0,9,0,9,33,12,0,10,0,6,37,12,0,13,0,8,47,15,0,16,0,0
4,0,39,12,10,12,2,0,53,20,39,18,0,0,25,7,8,7,0,0,37,11,31,13,0,0,25,8,7,8,0,0,38,12,29,12,0,0,34,11,9,12,2,0,56,19,40,18,0,0,25,9,8,8,0,0,35,11,31,12,0,0,25,8,8,8,0,0,37,12,29,12,0,0,25,8,8,8,0,0,39,13,31,12,0,0,50,17,0,16,0,9,29,12,0,11,0,7,34,12,0,11,0,7,50,15,0,16,0,0
4,1,37,13,10,12,2,0,53,18,39,17,0,0,24,9,7,8,0,0,35,12,30,11,0,0,26,8,8,7,0,0,37,12,30,11,0,0,37,11,10,13,2,0,52,19,40,16,0,0,25,8,8,7,0,0,32,12,30,11,0,0,23,10,7,8,0,0,35,11,30,12,0,0,23,8,8,8,0,0,34,12,28,11,0,0,50,17,0,16,0,8,35,10,0,11,0,8,35,13,0,9,0,6,49,16,0,18,0,0
4,2,37,12,10,12,2,0,54,18,40,19,0,0,25,7,8,7,0,0,37,12,28,12,0,0,23,7,8,8,0,0,35,12,31,12,0,0,38,13,9,11,2,0,48,21,41,18,0,0,26,10,8,9,0,0,36,12,30,11,0,0,23,7,7,7,0,0,36,12,30,12,0,0,28,9,7,8,0,0,35,11,29,12,0,0,47,17,0,17,0,8,37,13,0,11,0,8,36,13,0,11,0,6,48,15,0,16,0,0
4,3,34,13,10,12,2,0,53,19,41,18,0,0,22,8,7,8,0,0,38,13,30,11,0,0,24,9,7,9,0,0,38,13,30,12,0,0,39,12,10,12,2,0,54,19,37,20,0,0,26,8,8,8,0,0,38,13,29,12,0,0,24,8,7,9,0,0,37,12,29,12,0,0,25,8,8,9,0,0,37,12,29,12,0,0,50,16,0,17,0,8,36,12,0,11,0,6,38,12,0,14,0,7,46,13,0,14,0,0
4,4,39,12,10,10,2,0,55,18,41,20,0,0,24,8,8,10,0,0,33,12,30,12,0,0,23,8,8,10,0,0,37,11,30,12,0,0,32,12,10,11,2,0,52,18,42,19,0,0,24,8,8,8,0,0,33,13,30,12,0,0,24,8,7,7,0,0,39,11,29,12,0,0,26,8,7,9,0,0,37,12,31,14,0,0,53,15,0,18,0,9,32,12,0,11,0,7,32,12,0,13,0,7,49,16,0,16,0,0
4,5,34,13,10,12,2,0,56,18,38,19,0,0,24,8,8,8,0,0,36,11,30,12,0,0,22,8,8,8,0,0,37,12,31,11,0,0,36,12,9,13,2,0,55,18,39,16,0,0,23,7,8,8,0,0,36,13,29,11,0,0,24,9,8,8,0,0,36,12,30,11,0,0,24,7,8,8,0,0,40,12,29,12,0,0,49,18,0,15,0,9,33,11,0,12,0,7,35,12,0,12,0,7,49,17,0,17,0,0
4,6,33,12,10,13,2,0,53,19,41,18,0,0,25,8,7,8,0,0,37,12,32,11,0,0,25,8,7,8,0,0,36,14,30,11,0,0,37,10,10,12,2,0,53,18,39,17,0,0,24,7,7,7,0,0,37,13,29,11,0,0,24,8,8,8,0,0,36,12,31,11,0,0,23,8,7,9,0,0,35,12,31,12,0,0,44,15,0,17,0,8,38,12,0,11,0,7,41,13,0,14,0,6,48,16,0,15,0,0
4,7,37,12,10,12,2,0,51,20,40,18,0,0,23,10,7,8,0,0,37,12,31,13,0,0,25,7,7,8,0,0,39,11,31,12,0,0,38,12,9,13,2,0,54,17,38,19,0,0,25,7,7,8,0,0,34,11,29,12,0,0,23,7,9,9,0,0,35,12,30,13,0,0,23,9,7,7,0,0,37,13,33,11,0,0,49,15,0,17,0,8,34,12,0,11,0,7,37,14,0,13,0,8,47,17,0,18,0,0
4,8,33,11,11,12,2,0,55,18,40,18,0,0,25,8,7,9,0,0,36,11,29,11,0,0,24,9,7,8,0,0,35,12,28,12,0,0,36,13,10,11,2,0,54,18,39,18,0,0,25,7,7,8,0,0,36,13,29,12,0,0,23,7,7,9,0,0,35,12,28,12,0,0,24,9,7,7,0,0,33,12,31,12,0,0,48,18,0,15,0,8,34,10,0,12,0,7,36,11,0,12,0,8,47,15,0,18,0,0
4,9,34,11,10,12,2,0,49,19,39,17,0,0,23,7,8,9,0,0,36,13,28,11,0,0,21,8,8,8,0,0,36,11,31,12,0,0,38,10,10,11,2,0,54,17,40,16,0,0,26,8,8,8,0,0,35,11,31,12,0,0,25,8,7,8,0,0,34,12,29,13,0,0,24,8,8,9,0,0,36,11,28,12,0,0,47,16,0,16,0,8,36,14,0,12,0,6,35,11,0,11,0,6,45,18,0,16,0,0
4,10,35,12,11,11,2,0,53,18,39,18,0,0,24,8,8,8,0,0,33,12,30,12,0,0,24,8,8,8,0,0,35,12,30,13,0,0,36,12,10,13,2,0,54,18,37,19,0,0,24,8,7,8,0,0,35,13,30,13,0,0,25,7,7,8,0,0,33,13,31,12,0,0,24,7,7,9,0,0,35,10,30,12,0,0,48,17,0,17,0,10,33,13,0,13,0,6,34,11,0,13,0,6,47,17,0,16,0,0
4,11,36,13,10,13,2,0,59,17,40,17,0,0,25,9,8,9,0,0,36,12,28,13,0,0,25,8,8,7,0,0,37,12,31,12,0,0,33,12,11,12,2,0,54,17,41,18,0,0,25,9,8,8,0,0,35,12,29,12,0,0,23,7,7,8,0,0,36,11,30,13,0,0,25,9,8,9,0,0,35,12,27,13,0,0,51,15,0,16,0,9,38,10,0,13,0,7,37,12,0,12,0,7,49,16,0,14,0,0
4,12,38,12,10,14,2,0,53,15,40,18,0,0,25,8,7,7,0,0,35,12,32,12,0,0,24,9,7,8,0,0,35,13,30,12,0,0,34,13,11,11,2,0,56,17,36,19,0,0,25,7,7,9,0,0,38,13,30,12,0,0,24,9,7,7,0,0,37,12,31,12,0,0,24,7,8,7,0,0,35,11,31,12,0,0,44,18,0,19,0,8,42,10,0,12,0,7,37,11,0,11,0,6,48,15,0,14,0,0
4,13,35,11,10,12,2,0,52,20,41,18,0,0,23,8,8,8,0,0,36,12,29,12,0,0,21,9,8,7,0,0,39,12,29,13,0,0,37,12,10,12,2,0,50,18,42,17,0,0,23,8,7,7,0,0,36,12,30,12,0,0,24,9,7,8,0,0,36,12,31,12,0,0,24,8,7,8,0,0,34,11,30,12,0,0,48,16,0,15,0,8,39,10,0,12,0,7,35,11,0,13,0,7,46,14,0,16,0,0
4,14,37,12,10,10,2,0,55,17,40,17,0,0,25,8,8,8,0,0,34,12,30,13,0,0,24,8,7,9,0,0,34,12,28,10,0,0,37,12,10,12,2,0,55,17,40,18,0,0,23,9,8,8,0,0,33,12,33,12,0,0,26,9,8,7,0,0,33,12,29,12,0,0,22,8,8,8,0,0,34,13,29,11,0,0,48,16,0,16,0,9,36,11,0,13,0,6,32,14,0,10,0,7,45,14,0,13,0,0
4,15,35,15,9,11,2,0,53,19,39,17,0,0,21,7,7,8,0,0,35,13,31,12,0,0,21,8,7,8,0,0,35,12,30,12,0,0,36,12,9,13,2,0,55,17,40,16,0,0,26,8,7,7,0,0,38,12,29,10,0,0,24,8,8,7,0,0,34,12,31,11,0,0,26,8,8,8,0,0,32,12,31,11,0,0,47,16,0,12,0,8,37,12,0,14,0,6,34,13,0,10,0,6,51,16,0,17,0,0
4,16,32,11,10,12,2,0,52,17,40,16,0,0,26,8,8,7,0,0,38,13,29,13,0,0,24,7,8,9,0,0,35,13,28,11,0,0,36,12,10,13,2,0,54,19,39,20,0,0,23,9,8,7,0,0,38,12,31,13,0,0,24,8,8,8,0,0,37,11,30,12,0,0,26,8,8,8,0,0,35,13,32,12,0,0,51,15,0,15,0,9,35,13,0,12,0,7,38,12,0,14,0,7,46,15,0,15,0,0
4,17,35,12,11,12,2,0,52,18,41,18,0,0,26,8,7,9,0,0,36,12,31,12,0,0,25,10,7,8,0,0,36,13,28,11,0,0,35,10,10,13,2,0,54,19,38,19,0,0,25,9,8,9,0,0,36,12,30,12,0,0,26,7,7,9,0,0,37,12,31,12,0,0,26,8,8,10,0,0,37,12,31,12,0,0,53,16,0,16,0,10,38,11,0,13,0,7,37,14,0,11,0,6,45,18,0,18,0,0
4,18,39,12,10,12,2,0,55,18,41,18,0,0,24,7,8,8,0,0,34,12,30,12,0,0,23,8,7,8,0,0,35,13,32,11,0,0,37,11,11,11,2,0,54,17,41,17,0,0,25,8,7,8,0,0,35,12,32,11,0,0,26,9,7,7,0,0,36,12,32,12,0,0,23,7,8,8,0,0,36,13,30,12,0,0,48,17,0,17,0,9,35,10,0,12,0,6,34,11,0,13,0,6,46,16,0,14,0,0
4,19,38,11,9,14,2,0,54,18,41,17,0,0,24,8,7,8,0,0,36,12,29,13,0,0,25,9,7,7,0,0,39,12,29,12,0,0,38,12,11,13,2,0,56,15,40,17,0,0,23,8,7,8,0,0,34,14,32,11,0,0,26,8,8,8,0,0,35,13,30,12,0,0,22,7,7,8,0,0,34,12,31,13,0,0,48,16,0,19,0,9,33,13,0,13,0,7,35,12,0,9,0,7,47,16,0,15,0,0
5,0,36,11,11,13,2,0,55,19,38,19,0,0,23,8,9,8,0,0,35,11,31,11,0,0,23,8,8,9,0,0,36,12,29,12,0,0,24,9,8,8,0,0,35,12,30,11,0,0,23,8,8,8,0,0,34,12,30,12,0,0,25,9,7,8,0,0,35,12,31,12,0,0,24,9,8,8,0,0,34,12,29,11,0,0,47,15,0,16,0,9,38,9,0,13,0,7,36,12,0,12,0,6,74,26,0,25,0,0
5,1,35,13,10,13,2,0,57,18,38,17,0,0,25,9,8,9,0,0,34,12,30,12,0,0,24,8,7,8,0,0,36,11,30,12,0,0,24,8,8,8,0,0,38,11,29,14,0,0,23,7,8,7,0,0,36,13,28,11,0,0,22,9,8,8,0,0,37,13,32,12,0,0,21,7,7,8,0,0,36,13,31,12,0,0,50,16,0,16,0,9,40,10,0,11,0,7,39,12,0,10,0,7,66,24,0,21,0,0
5,2,34,13,10,11,2,0,55,17,40,19,0,0,25,9,7,8,0,0,35,12,30,12,0,0,21,8,8,8,0,0,34,13,30,12,0,0,22,7,8,8,0,0,35,12,29,13,0,0,26,8,7,6,0,0,34,11,30,12,0,0,22,8,8,8,0,0,33,12,29,13,0,0,25,7,7,8,0,0,33,12,30,13,0,0,46,15,0,14,0,8,38,11,0,12,0,6,36,13,0,10,0,6,70,25,0,23,0,0
5,3,35,12,8,10,2,0,52,18,40,19,0,0,21,7,7,8,0,0,39,12,29,12,0,0,26,8,7,9,0,0,37,11,30,13,0,0,26,8,7,9,0,0,34,12,29,13,0,0,24,9,8,7,0,0,38,13,31,11,0,0,24,8,7,9,0,0,36,10,30,12,0,0,24,8,8,9,0,0,36,12,30,12,0,0,46,17,0,17,0,10,35,13,0,11,0,6,34,12,0,8,0,6,72,23,0,21,0,0
5,4,37,13,10,13,2,0,53,17,40,19,0,0,25,9,7,9,0,0,36,13,30,12,0,0,26,8,8,9,0,0,36,11,32,12,0,0,24,9,7,7,0,0,36,11,30,12,0,0,24,7,8,8,0,0,38,12,29,12,0,0,24,7,8,8,0,0,33,13,29,12,0,0,22,9,7,8,0,0,37,12,30,11,0,0,46,16,0,15,0,9,38,10,0,15,0,7,38,15,0,10,0,5,73,25,0,24,0,0
5,5,32,12,11,11,2,0,55,18,39,17,0,0,23,8,7,8,0,0,36,11,32,11,0,0,23,7,8,8,0,0,35,13,30,12,0,0,24,8,8,8,0,0,39,11,32,12,0,0,24,9,7,9,0,0,32,12,29,11,0,0,24,8,8,8,0,0,35,12,30,13,0,0,25,8,7,8,0,0,35,12,30,12,0,0,48,16,0,16,0,8,32,11,0,13,0,6,37,13,0,11,0,7,68,22,0,26,0,0
5,6,31,11,10,11,2,0,57,18,41,19,0,0,26,8,7,8,0,0,37,12,32,13,0,0,25,9,8,6,0,0,35,13,29,12,0,0,23,9,8,7,0,0,36,12,31,12,0,0,25,8,9,7,0,0,34,12,28,11,0,0,23,7,7,8,0,0,35,12,31,11,0,0,24,8,7,6,0,0,36,12,32,12,0,0,50,16,0,16,0,7,37,15,0,12,0,6,36,12,0,9,0,6,75,26,0,25,0,0
5,7,36,13,10,12,2,0,53,19,38,17,0,0,25,8,7,9,0,0,35,12,31,13,0,0,26,8,8,7,0,0,35,10,32,11,0,0,24,7,8,8,0,0,34,12,29,11,0,0,21,7,8,7,0,0,34,12,29,13,0,0,27,7,8,8,0,0,35,11,30,12,0,0,23,8,7,7,0,0,36,12,29,13,0,0,44,15,0,16,0,8,40,11,0,15,0,7,37,15,0,11,0,6,72,21,0,24,0,0
5,8,36,12,10,13,2,0,58,18,40,19,0,0,26,7,7,7,0,0,37,12,29,12,0,0,22,7,8,8,0,0,36,11,30,12,0,0,23,8,8,7,0,0,34,13,29,12,0,0,25,10,7,8,0,0,35,12,29,11,0,0,24,7,8,8,0,0,37,12,30,12,0,0,22,8,7,7,0,0,33,13,29,13,0,0,50,14,0,15,0,10,36,12,0,11,0,6,32,10,0,12,0,7,69,22,0,26,0,0
5,9,36,13,10,13,2,0,51,18,41,19,0,0,25,7,8,7,0,0,37,12,31,11,0,0,26,7,7,7,0,0,34,12,32,14,0,0,24,9,8,8,0,0,36,12,31,12,0,0,24,8,8,7,0,0,36,13,31,13,0,0,24,8,8,9,0,0,33,11,31,12,0,0,23,7,7,7,0,0,39,12,30,12,0,0,50,17,0,17,0,9,38,11,0,12,0,7,32,13,0,12,0,7,77,27,0,27,0,0
5,10,37,12,11,13,2,0,54,17,42,18,0,0,27,7,7,8,0,0,38,12,30,11,0,0,22,8,7,8,0,0,37,11,32,13,0,0,22,7,6,7,0,0,37,12,30,11,0,0,25,8,8,8,0,0,34,11,31,12,0,0,25,8,8,7,0,0,36,12,32,12,0,0,26,8,7,8,0,0,36,11,30,12,0,0,51,13,0,18,0,8,38,13,0,14,0,8,37,12,0,12,0,6,70,23,0,20,0,0
5,11,32,12,11,12,2,0,57,19,38,21,0,0,24,7,7,8,0,0,36,12,30,12,0,0,23,7,7,6,0,0,36,11,30,13,0,0,23,9,7,9,0,0,35,11,31,12,0,0,23,8,7,9,0,0,33,12,31,12,0,0,26,8,7,8,0,0,36,12,31,12,0,0,23,8,8,6,0,0,37,12,28,12,0,0,49,17,0,12,0,8,37,13,0,11,0,6,32,14,0,11,0,6,73,24,0,25,0,0
5,12,34,12,11,12,2,0,53,18,40,19,0,0,26,8,8,7,0,0,35,12,30,12,0,0,25,7,8,8,0,0,33,13,30,11,0,0,24,8,7,9,0,0,37,12,30,12,0,0,26,7,8,8,0,0,37,11,28,12,0,0,24,9,7,9,0,0,39,12,29,12,0,0,24,8,7,9,0,0,34,11,31,10,0,0,48,20,0,16,0,9,36,12,0,13,0,8,37,13,0,11,0,6,73,22,0,22,0,0
5,13,35,11,10,13,2,0,54,16,38,18,0,0,23,9,8,8,0,0,39,12,31,12,0,0,27,9,8,8,0,0,38,12,29,13,0,0,24,8,7,7,0,0,36,13,30,13,0,0,23,7,7,8,0,0,37,11,31,13,0,0,24,9,7,9,0,0,37,13,30,10,0,0,23,8,7,8,0,0,35,11,29,12,0,0,50,15,0,15,0,9,37,8,0,13,0,6,34,11,0,11,0,5,68,27,0,22,0,0
5,14,37,10,10,12,2,0,55,19,42,18,0,0,22,8,9,8,0,0,39,13,30,12,0,0,24,7,8,9,0,0,35,12,31,11,0,0,23,7,7,7,0,0,35,13,29,12,0,0,23,9,8,9,0,0,36,12,29,13,0,0,23,8,8,8,0,0,37,13,32,12,0,0,22,8,8,8,0,0,35,11,30,13,0,0,49,17,0,17,0,9,37,12,0,11,0,7,35,12,0,13,0,7,72,21,0,23,0,0
5,15,32,13,10,12,2,0,55,18,40,17,0,0,26,8,8,7,0,0,38,13,30,12,0,0,25,10,7,9,0,0,35,12,30,12,0,0,24,7,8,7,0,0,37,12,29,12,0,0,22,8,7,8,0,0,35,12,30,11,0,0,24,7,8,9,0,0,40,12,31,11,0,0,26,9,7,9,0,0,36,12,30,11,0,0,50,15,0,15,0,9,35,10,0,11,0,6,34,15,0,11,0,6,71,25,0,26,0,0
5,16,33,13,10,14,2,0,58,18,40,18,0,0,23,8,7,8,0,0,38,12,30,13,0,0,24,7,7,8,0,0,35,12,29,13,0,0,20,8,8,8,0,0,37,12,29,11,0,0,24,7,7,8,0,0,38,14,30,12,0,0,22,8,8,8,0,0,33,12,31,11,0,0,24,8,7,7,0,0,37,12,29,11,0,0,51,17,0,16,0,8,34,11,0,9,0,6,37,12,0,13,0,7,74,24,0,22,0,0
5,17,40,12,11,10,2,0,55,19,40,17,0,0,24,7,7,9,0,0,37,12,28,12,0,0,22,9,7,7,0,0,36,12,31,12,0,0,22,7,7,8,0,0,34,13,31,12,0,0,26,8,7,7,0,0,37,12,30,11,0,0,25,7,7,9,0,0,35,11,29,13,0,0,24,8,7,8,0,0,35,12,29,11,0,0,47,15,0,16,0,6,34,11,0,14,0,7,39,10,0,13,0,6,69,23,0,29,0,0
5,18,38,12,9,12,2,0,56,19,42,18,0,0,22,8,8,7,0,0,33,12,30,12,0,0,25,8,7,9,0,0,35,11,31,12,0,0,24,8,8,8,0,0,38,11,31,11,0,0,26,8,7,8,0,0,37,12,29,12,0,0,24,8,8,7,0,0,36,12,29,12,0,0,24,6,7,7,0,0,37,11,30,13,0,0,50,17,0,15,0,9,36,13,0,11,0,6,37,14,0,13,0,7,75,26,0,22,0,0
5,19,38,11,10,14,2,0,52,18,38,18,0,0,24,9,8,8,0,0,38,12,29,12,0,0,26,8,8,9,0,0,34,11,28,12,0,0,24,9,8,8,0,0,36,12,28,14,0,0,25,8,8,8,0,0,36,12,31,12,0,0,23,9,8,8,0,0,38,12,30,13,0,0,23,8,8,7,0,0,39,11,29,13,0,0,49,15,0,17,0,9,41,10,0,13,0,7,36,12,0,13,0,7,75,22,0,24,0,0
6,0,35,13,10,15,2,0,54,17,40,19,0,0,24,7,7,8,0,0,36,13,29,12,0,0,24,7,7,8,0,0,35,12,30,12,0,0,25,9,8,7,0,0,37,12,30,12,0,0,24,8,7,7,0,0,35,12,31,13,0,0,23,8,8,9,0,0,36,12,30,11,0,0,24,8,8,8,0,0,36,11,31,12,0,0,47,16,0,16,0,9,53,21,0,21,0,7,52,17,0,22,0,7,74,22,0,22,0,0
6,1,34,9,10,14,2,0,53,18,39,19,0,0,25,7,8,9,0,0,39,14,29,14,0,0,24,8,8,8,0,0,37,11,30,13,0,0,24,8,8,9,0,0,34,12,30,12,0,0,25,7,7,7,0,0,35,13,30,11,0,0,23,7,7,8,0,0,34,13,30,12,0,0,24,9,8,8,0,0,37,12,31,12,0,0,48,16,0,15,0,9,58,20,0,15,0,7,56,16,0,18,0,6,74,27,0,24,0,0
6,2,36,13,9,14,2,0,50,18,38,18,0,0,25,7,8,9,0,0,37,12,29,13,0,0,24,7,8,9,0,0,36,13,30,12,0,0,23,9,7,8,0,0,35,12,31,12,0,0,23,9,8,8,0,0,35,12,30,12,0,0,23,8,8,7,0,0,35,12,30,13,0,0,24,7,8,8,0,0,36,12,31,12,0,0,51,17,0,15,0,9,51,21,0,22,0,7,53,19,0,21,0,7,77,23,0,26,0,0
6,3,37,12,10,12,2,0,52,20,41,16,0,0,23,7,7,6,0,0,36,11,30,11,0,0,24,8,8,9,0,0,37,12,32,11,0,0,22,8,9,8,0,0,36,11,31,13,0,0,25,8,7,7,0,0,36,11,29,12,0,0,23,8,8,8,0,0,36,12,29,12,0,0,24,7,8,7,0,0,36,13,31,12,0,0,47,17,0,17,0,8,47,18,0,18,0,7,58,17,0,20,0,8,67,24,0,20,0,0
6,4,37,11,9,13,2,0,54,21,42,19,0,0,25,8,6,8,0,0,35,11,29,11,0,0,24,9,8,8,0,0,35,11,28,11,0,0,23,8,7,8,0,0,36,12,31,11,0,0,25,8,7,9,0,0,37,11,30,12,0,0,24,8,8,9,0,0,34,12,29,12,0,0,22,8,7,8,0,0,34,12,31,12,0,0,49,18,0,16,0,9,52,17,0,15,0,7,55,16,0,19,0,7,75,26,0,24,0,0
6,5,42,14,10,11,2,0,57,18,39,18,0,0,26,9,8,9,0,0,36,10,30,12,0,0,24,8,7,8,0,0,37,12,31,12,0,0,23,8,8,8,0,0,37,12,32,13,0,0,24,5,8,8,0,0,35,12,30,12,0,0,22,7,8,8,0,0,37,11,29,12,0,0,24,9,6,8,0,0,34,11,31,12,0,0,49,17,0,15,0,10,53,19,0,18,0,6,52,20,0,20,0,7,77,22,0,24,0,0
6,6,36,13,10,11,2,0,61,19,39,17,0,0,21,7,8,9,0,0,38,12,30,12,0,0,23,9,7,8,0,0,33,12,31,11,0,0,23,9,7,9,0,0,35,12,29,12,0,0,27,9,7,9,0,0,36,13,31,10,0,0,23,9,8,7,0,0,35,11,30,13,0,0,25,9,8,9,0,0,39,12,30,13,0,0,51,15,0,15,0,9,57,15,0,22,0,7,51,23,0,18,0,8,74,24,0,26,0,0
6,7,35,10,9,14,2,0,58,18,40,18,0,0,24,8,8,8,0,0,37,13,30,11,0,0,22,8,7,8,0,0,36,14,29,11,0,0,24,8,8,8,0,0,38,11,29,12,0,0,25,9,8,8,0,0,35,12,29,12,0,0,24,7,7,9,0,0,36,12,30,13,0,0,24,8,7,8,0,0,33,12,30,11,0,0,46,17,0,16,0,9,54,20,0,18,0,8,55,17,0,15,0,7,77,23,0,22,0,0
6,8,38,12,10,12,2,0,55,18,42,16,0,0,27,7,7,8,0,0,36,13,29,12,0,0,23,8,7,8,0,0,35,12,30,13,0,0,23,7,8,8,0,0,37,11,28,12,0,0,23,8,7,8,0,0,36,12,30,12,0,0,24,8,7,9,0,0,36,11,30,11,0,0,25,9,7,8,0,0,34,12,29,12,0,0,46,17,0,17,0,8,59,16,0,14,0,6,57,17,0,19,0,6,70,24,0,27,0,0
6,9,35,12,10,12,2,0,51,18,40,20,0,0,22,9,8,8,0,0,35,12,29,13,0,0,23,8,7,7,0,0,37,12,31,11,0,0,25,10,7,9,0,0,36,11,30,13,0,0,23,8,8,8,0,0,37,12,30,12,0,0,24,7,8,8,0,0,38,12,30,12,0,0,23,7,7,8,0,0,36,13,30,11,0,0,45,17,0,18,0,9,56,21,0,19,0,7,50,17,0,18,0,8,72,26,0,23,0,0
6,10,33,11,10,12,2,0,53,20,40,19,0,0,23,8,8,8,0,0,33,12,31,12,0,0,25,7,7,8,0,0,37,13,30,12,0,0,24,7,6,8,0,0,36,12,28,12,0,0,24,8,8,7,0,0,35,12,31,11,0,0,27,8,7,8,0,0,35,13,29,12,0,0,23,7,9,8,0,0,37,13,29,13,0,0,43,15,0,15,0,9,53,18,0,16,0,8,56,21,0,16,0,7,76,26,0,24,0,0
6,11,38,13,10,11,2,0,56,17,38,19,0,0,22,8,7,9,0,0,35,13,30,12,0,0,21,7,7,8,0,0,34,11,31,12,0,0,24,9,7,8,0,0,38,12,30,14,0,0,22,9,8,8,0,0,37,11,29,12,0,0,25,9,8,8,0,0,38,12,31,12,0,0,25,8,7,7,0,0,36,11,31,13,0,0,49,15,0,18,0,9,56,18,0,19,0,7,57,23,0,15,0,6,77,23,0,21,0,0
6,12,40,13,10,12,2,0,54,18,38,18,0,0,26,8,8,8,0,0,37,11,30,12,0,0,24,8,7,8,0,0,40,13,30,12,0,0,23,8,8,7,0,0,34,12,30,12,0,0,26,7,7,9,0,0,36,13,32,12,0,0,24,8,7,8,0,0,37,12,31,12,0,0,23,9,7,8,0,0,36,13,31,11,0,0,46,17,0,16,0,9,55,18,0,20,0,8,51,19,0,21,0,7,76,26,0,24,0,0
6,13,38,13,9,11,2,0,53,19,39,16,0,0,23,8,7,7,0,0,33,12,31,13,0,0,26,7,7,8,0,0,37,12,28,11,0,0,24,8,8,8,0,0,36,12,31,12,0,0,24,8,8,8,0,0,36,12,31,12,0,0,23,9,7,7,0,0,36,12,29,12,0,0,23,8,8,8,0,0,36,12,29,13,0,0,49,15,0,17,0,9,55,17,0,17,0,7,56,22,0,16,0,6,72,23,0,24,0,0
6,14,33,10,10,12,2,0,55,19,40,17,0,0,24,7,8,8,0,0,34,12,30,12,0,0,24,7,8,8,0,0,33,12,31,12,0,0,26,8,8,8,0,0,36,12,30,12,0,0,23,7,7,9,0,0,37,12,29,12,0,0,24,8,7,8,0,0,35,11,31,11,0,0,25,8,7,7,0,0,36,12,30,12,0,0,52,15,0,14,0,10,55,16,0,18,0,8,50,17,0,16,0,7,73,24,0,22,0,0
6,15,36,11,11,12,2,0,58,18,40,17,0,0,24,8,8,8,0,0,37,12,29,11,0,0,23,8,8,7,0,0,35,13,30,12,0,0,24,8,7,8,0,0,34,12,30,12,0,0,26,8,8,8,0,0,38,13,29,12,0,0,24,8,7,8,0,0,38,12,31,12,0,0,26,8,7,9,0,0,35,13,31,12,0,0,44,16,0,16,0,10,52,20,0,20,0,8,48,18,0,16,0,8,73,26,0,25,0,0
6,16,31,12,10,11,2,0,54,19,40,20,0,0,23,9,8,8,0,0,35,13,30,12,0,0,24,8,8,7,0,0,36,12,30,13,0,0,25,8,8,8,0,0,37,11,30,11,0,0,26,8,7,9,0,0,37,11,30,12,0,0,22,8,7,8,0,0,34,13,30,12,0,0,25,7,8,8,0,0,35,12,31,12,0,0,50,15,0,14,0,10,59,17,0,16,0,6,54,21,0,18,0,8,71,28,0,28,0,0
6,17,35,13,10,11,2,0,54,17,38,18,0,0,23,8,8,8,0,0,38,11,30,13,0,0,25,9,8,9,0,0,37,13,30,12,0,0,25,9,8,8,0,0,38,11,29,12,0,0,24,8,8,8,0,0,35,12,31,13,0,0,27,8,8,7,0,0,35,12,31,12,0,0,25,8,7,8,0,0,35,12,28,12,0,0,47,15,0,17,0,9,57,19,0,17,0,7,56,21,0,20,0,7,74,26,0,26,0,0
6,18,33,11,10,12,2,0,55,17,41,18,0,0,26,8,7,8,0,0,36,12,30,12,0,0,24,8,7,8,0,0,36,13,29,11,0,0,25,8,7,7,0,0,38,13,28,12,0,0,26,8,7,8,0,0,34,11,31,11,0,0,24,9,7,7,0,0,38,12,29,13,0,0,26,8,7,8,0,0,36,12,31,11,0,0,45,16,0,15,0,8,54,18,0,19,0,7,58,15,0,19,0,7,68,26,0,24,0,0
6,19,34,12,9,12,2,0,50,17,42,18,0,0,22,8,7,7,0,0,34,14,30,11,0,0,26,8,7,7,0,0,37,12,28,13,0,0,23,9,8,7,0,0,37,12,28,12,0,0,25,8,7,9,0,0,36,11,31,12,0,0,20,8,8,8,0,0,37,12,30,11,0,0,25,9,7,7,0,0,35,12,29,12,0,0,50,17,0,14,0,9,57,19,0,18,0,8,51,20,0,18,0,6,71,22,0,23,0,0
7,0,35,12,10,10,2,0,52,19,40,19,0,0,39,12,10,13,2,0,57,18,40,18,0,0,34,12,11,12,2,0,55,19,41,18,0,0,24,8,7,8,0,0,33,12,31,12,0,0,23,8,8,9,0,0,36,12,31,11,0,0,24,9,8,8,0,0,34,12,29,12,0,0,23,7,6,9,0,0,35,12,30,11,0,0,68,22,0,23,0,9,60,20,0,20,0,8,53,18,0,18,0,8,70,23,0,25,0,0
7,1,35,10,10,13,2,0,53,18,42,18,0,0,34,13,10,11,2,0,55,18,40,18,0,0,37,12,10,13,2,0,53,16,43,19,0,0,23,8,7,9,0,0,34,12,30,13,0,0,24,7,7,7,0,0,36,13,28,11,0,0,23,8,8,8,0,0,37,12,30,13,0,0,23,9,8,9,0,0,36,12,30,12,0,0,73,25,0,22,0,8,52,18,0,19,0,6,52,14,0,18,0,8,72,26,0,25,0,0
7,2,33,12,9,13,2,0,53,18,40,18,0,0,35,12,9,11,2,0,54,20,40,19,0,0,36,11,11,13,2,0,53,19,37,17,0,0,25,8,8,7,0,0,39,13,30,12,0,0,25,9,8,9,0,0,35,11,29,12,0,0,24,8,8,9,0,0,34,12,31,12,0,0,23,9,7,8,0,0,36,12,31,12,0,0,77,24,0,25,0,9,47,19,0,18,0,7,53,22,0,15,0,7,71,23,0,22,0,0
7,3,39,12,10,11,2,0,53,18,39,18,0,0,30,12,9,10,2,0,53,19,38,16,0,0,37,13,9,12,2,0,56,19,40,19,0,0,26,8,7,7,0,0,36,12,30,11,0,0,26,8,7,9,0,0,38,10,30,11,0,0,25,8,8,8,0,0,33,12,30,13,0,0,22,9,7,8,0,0,35,12,31,11,0,0,70,24,0,29,0,11,60,18,0,17,0,7,49,18,0,21,0,7,67,25,0,25,0,0
7,4,36,12,10,12,2,0,56,19,40,20,0,0,37,13,10,10,2,0,54,18,40,18,0,0,35,13,10,12,2,0,54,18,39,16,0,0,25,9,7,9,0,0,36,12,30,11,0,0,25,7,7,9,0,0,33,11,30,12,0,0,25,8,9,8,0,0,36,11,30,12,0,0,26,7,7,8,0,0,37,12,31,11,0,0,77,26,0,21,0,9,56,15,0,17,0,7,55,16,0,19,0,7,73,24,0,24,0,0
7,5,35,12,9,12,2,0,56,19,38,19,0,0,36,12,10,13,2,0,52,17,40,19,0,0,37,12,9,11,2,0,54,17,40,18,0,0,25,9,7,8,0,0,35,11,29,12,0,0,24,8,7,9,0,0,36,12,28,9,0,0,24,7,7,8,0,0,38,12,30,13,0,0,25,8,8,7,0,0,36,11,30,12,0,0,77,21,0,23,0,10,55,16,0,17,0,7,55,18,0,16,0,8,79,22,0,26,0,0
7,6,36,13,9,12,2,0,55,19,40,18,0,0,36,12,9,13,2,0,52,18,40,16,0,0,32,11,10,11,2,0,53,18,43,19,0,0,25,9,7,7,0,0,34,13,29,11,0,0,23,8,8,8,0,0,35,12,29,12,0,0,25,8,7,8,0,0,35,12,31,13,0,0,25,8,8,7,0,0,36,12,30,12,0,0,73,23,0,24,0,9,58,19,0,18,0,6,50,21,0,18,0,6,73,25,0,22,0,0
7,7,35,12,9,13,2,0,54,18,39,18,0,0,35,14,11,13,2,0,54,19,38,19,0,0,41,13,11,12,2,0,56,19,40,19,0,0,23,8,8,7,0,0,36,11,31,12,0,0,23,7,7,8,0,0,37,12,29,12,0,0,23,8,8,8,0,0,37,11,28,12,0,0,27,9,8,8,0,0,34,10,29,12,0,0,76,26,0,24,0,9,55,19,0,19,0,8,55,16,0,16,0,7,77,25,0,23,0,0
7,8,36,11,9,13,2,0,57,17,42,17,0,0,34,10,10,11,2,0,51,18,40,16,0,0,34,11,11,12,2,0,57,19,37,17,0,0,25,8,7,8,0,0,35,12,31,11,0,0,25,7,7,9,0,0,37,13,29,12,0,0,25,8,7,8,0,0,35,13,32,12,0,0,26,8,8,9,0,0,36,12,28,12,0,0,75,26,0,25,0,8,52,17,0,17,0,9,54,18,0,17,0,7,72,25,0,24,0,0
7,9,37,10,10,11,2,0,55,18,38,18,0,0,33,12,10,13,2,0,54,18,41,18,0,0,35,12,9,13,2,0,53,17,39,18,0,0,23,9,7,8,0,0,38,12,30,11,0,0,22,9,8,8,0,0,34,10,29,12,0,0,26,8,8,8,0,0,35,13,30,11,0,0,23,7,7,8,0,0,36,12,31,12,0,0,78,23,0,24,0,10,55,19,0,16,0,9,52,19,0,15,0,7,74,19,0,24,0,0
7,10,37,11,9,12,2,0,51,16,41,17,0,0,36,13,10,11,2,0,52,18,38,18,0,0,36,11,10,11,2,0,52,17,41,19,0,0,22,8,8,8,0,0,33,12,32,12,0,0,23,8,8,9,0,0,37,12,29,12,0,0,24,8,8,9,0,0,34,12,31,12,0,0,23,10,7,7,0,0,36,13,29,12,0,0,75,24,0,23,0,10,57,21,0,19,0,7,56,18,0,18,0,8,67,24,0,23,0,0
7,11,37,13,10,10,2,0,48,19,41,19,0,0,36,10,10,13,2,0,54,17,39,19,0,0,33,11,9,11,2,0,54,16,41,20,0,0,23,8,8,9,0,0,35,11,31,13,0,0,24,8,8,8,0,0,35,12,29,12,0,0,24,8,7,8,0,0,37,12,30,13,0,0,25,8,7,8,0,0,37,12,30,13,0,0,75,22,0,25,0,10,54,20,0,19,0,8,55,18,0,19,0,7,70,22,0,22,0,0
7,12,34,12,10,12,2,0,56,18,43,17,0,0,40,11,10,11,2,0,54,19,40,17,0,0,35,13,10,13,2,0,56,20,40,19,0,0,25,8,8,7,0,0,36,12,31,13,0,0,23,8,8,8,0,0,36,12,29,13,0,0,23,7,7,7,0,0,35,11,31,12,0,0,25,9,8,8,0,0,36,11,30,11,0,0,74,29,0,25,0,9,54,18,0,17,0,6,51,19,0,16,0,6,78,22,0,24,0,0
7,13,35,12,10,13,2,0,54,20,41,17,0,0,36,12,10,11,2,0,55,16,42,19,0,0,35,13,9,12,2,0,50,18,40,19,0,0,24,8,8,8,0,0,35,13,30,12,0,0,24,7,7,8,0,0,36,13,30,13,0,0,24,9,8,8,0,0,36,11,31,12,0,0,23,9,7,8,0,0,37,12,30,12,0,0,73,21,0,23,0,9,53,17,0,18,0,8,55,20,0,16,0,7,73,22,0,26,0,0
7,14,34,12,10,15,2,0,51,17,39,17,0,0,35,11,9,13,2,0,55,18,39,17,0,0,37,11,9,13,2,0,56,18,38,19,0,0,25,8,7,9,0,0,35,11,29,12,0,0,22,8,7,8,0,0,34,12,31,12,0,0,26,9,8,8,0,0,36,13,30,11,0,0,25,7,7,8,0,0,36,11,30,13,0,0,68,27,0,21,0,9,54,14,0,18,0,7,52,16,0,20,0,8,70,23,0,26,0,0
7,15,33,13,9,10,2,0,54,18,36,18,0,0,37,12,11,12,2,0,51,17,38,19,0,0,33,12,10,12,2,0,55,18,40,20,0,0,22,9,8,8,0,0,38,11,29,11,0,0,25,7,8,8,0,0,35,12,30,11,0,0,28,8,6,7,0,0,34,13,30,12,0,0,23,8,7,8,0,0,37,12,31,12,0,0,75,25,0,25,0,9,51,16,0,18,0,8,54,20,0,17,0,8,76,23,0,24,0,0
7,16,37,12,11,10,2,0,55,19,42,18,0,0,39,11,11,14,2,0,53,16,40,17,0,0,34,11,10,12,2,0,56,18,39,18,0,0,27,8,7,7,0,0,36,12,30,11,0,0,23,9,8,7,0,0,37,11,31,12,0,0,25,7,8,8,0,0,37,13,30,12,0,0,25,8,7,7,0,0,34,12,31,12,0,0,70,26,0,22,0,9,56,15,0,16,0,7,58,17,0,17,0,8,72,25,0,22,0,0
7,17,41,13,9,11,2,0,57,19,39,18,0,0,34,12,10,13,2,0,50,18,38,18,0,0,38,13,10,12,2,0,54,19,39,18,0,0,22,6,7,7,0,0,36,12,29,11,0,0,19,9,7,8,0,0,34,13,30,11,0,0,23,9,7,8,0,0,35,11,30,12,0,0,26,7,7,8,0,0,36,12,30,12,0,0,69,26,0,25,0,11,59,20,0,12,0,8,60,20,0,21,0,8,78,24,0,21,0,0
7,18,37,12,9,10,2,0,57,19,41,18,0,0,32,12,10,12,2,0,56,18,37,18,0,0,36,13,10,13,2,0,56,17,39,18,0,0,23,8,7,8,0,0,36,12,30,12,0,0,24,8,7,9,0,0,35,12,28,12,0,0,22,8,7,8,0,0,35,12,31,12,0,0,23,8,8,8,0,0,35,12,29,12,0,0,68,22,0,22,0,9,53,21,0,21,0,7,51,19,0,18,0,7,70,25,0,21,0,0
7,19,35,12,9,12,2,0,57,18,39,17,0,0,37,13,10,13,2,0,50,19,41,17,0,0,34,11,10,12,2,0,56,17,39,19,0,0,25,8,8,8,0,0,37,12,30,11,0,0,23,8,7,7,0,0,35,11,31,12,0,0,22,7,8,8,0,0,35,12,30,11,0,0,25,7,7,8,0,0,35,11,30,13,0,0,68,27,0,23,0,9,52,17,0,16,0,7,60,16,0,18,0,6,74,23,0,19,0,0
8,0,45,15,13,16,2,0,70,25,49,27,0,0,46,17,13,16,2,0,66,24,51,24,0,0,30,11,10,12,0,0,55,18,41,17,0,0,50,17,13,16,2,0,69,24,51,23,0,0,38,12,8,12,0,0,53,19,41,18,0,0,53,16,13,17,2,0,70,23,48,24,0,0,37,13,11,12,0,0,51,18,41,19,0,0,75,24,0,23,0,10,54,18,0,18,0,7,57,18,0,18,0,6,102,33,0,28,0,0
8,1,51,16,14,16,2,0,73,23,51,22,0,0,51,15,12,16,2,0,70,23,48,24,0,0,38,12,11,13,0,0,53,18,43,19,0,0,43,17,13,17,2,0,70,23,51,22,0,0,35,10,11,13,0,0,53,18,41,19,0,0,49,15,11,15,2,0,73,23,48,22,0,0,39,13,11,13,0,0,53,19,40,18,0,0,72,18,0,27,0,10,54,18,0,17,0,6,55,19,0,18,0,7,92,33,0,34,0,0
8,2,49,15,12,14,2,0,72,23,50,25,0,0,49,16,13,17,2,0,74,24,52,25,0,0,34,11,10,13,0,0,51,18,40,19,0,0,49,14,12,14,2,0,69,26,48,26,0,0,39,13,10,12,0,0,51,19,40,18,0,0,44,13,12,17,2,0,74,26,52,23,0,0,32,14,12,12,0,0,51,19,40,18,0,0,75,25,0,22,0,10,56,19,0,20,0,7,43,17,0,20,0,7,92,35,0,33,0,0
8,3,43,16,12,16,2,0,74,21,53,25,0,0,48,17,11,15,2,0,72,25,49,25,0,0,40,13,10,13,0,0,55,19,41,19,0,0,48,17,12,15,2,0,67,25,45,28,0,0,39,12,10,12,0,0,53,18,40,18,0,0,49,14,13,16,2,0,75,24,50,26,0,0,36,12,10,13,0,0,53,19,40,17,0,0,74,23,0,25,0,10,53,16,0,17,0,7,50,19,0,21,0,8,101,35,0,37,0,0
8,4,46,17,13,17,2,0,73,23,54,24,0,0,47,16,12,15,2,0,70,27,51,25,0,0,39,14,9,11,0,0,52,18,40,18,0,0,49,16,12,13,2,0,71,22,49,22,0,0,36,11,9,11,0,0,54,17,41,18,0,0,48,15,13,17,2,0,73,25,50,25,0,0,34,12,10,12,0,0,55,19,38,17,0,0,73,23,0,31,0,10,52,17,0,18,0,7,53,21,0,21,0,6,98,36,0,36,0,0
8,5,52,16,13,15,2,0,70,23,50,24,0,0,50,15,14,14,2,0,67,24,50,23,0,0,32,12,11,13,0,0,54,18,40,17,0,0,44,16,12,17,2,0,71,22,51,25,0,0,31,11,10,12,0,0,52,18,40,18,0,0,46,15,12,17,2,0,76,24,53,23,0,0,32,12,10,12,0,0,53,18,39,18,0,0,75,24,0,25,0,9,50,17,0,11,0,7,56,17,0,19,0,7,89,29,0,32,0,0
8,6,49,16,12,15,2,0,68,25,49,25,0,0,51,14,12,15,2,0,79,25,53,25,0,0,34,12,10,12,0,0,53,16,44,18,0,0,47,16,12,16,2,0,69,24,49,26,0,0,38,12,9,11,0,0,54,18,40,18,0,0,46,16,11,15,2,0,70,24,50,26,0,0,39,12,10,11,0,0,53,18,41,18,0,0,74,27,0,28,0,10,53,20,0,20,0,7,52,15,0,18,0,7,99,34,0,31,0,0
8,7,40,14,12,15,2,0,73,25,48,22,0,0,49,15,11,17,2,0,73,25,52,23,0,0,38,12,11,12,0,0,57,18,38,19,0,0,45,18,12,18,2,0,73,25,47,24,0,0,34,12,9,11,0,0,57,19,40,18,0,0,47,17,12,17,2,0,72,23,51,23,0,0,37,13,10,12,0,0,55,18,41,19,0,0,75,23,0,22,0,9,56,16,0,23,0,7,57,15,0,23,0,7,88,33,0,29,0,0
8,8,46,15,12,16,2,0,74,27,51,23,0,0,47,16,12,17,2,0,71,26,50,23,0,0,41,10,10,11,0,0,59,20,42,18,0,0,55,16,13,16,2,0,71,25,51,24,0,0,39,9,10,13,0,0,56,18,40,19,0,0,52,16,13,18,2,0,76,25,51,23,0,0,34,11,11,11,0,0,54,17,41,17,0,0,72,21,0,21,0,9,61,14,0,16,0,7,50,16,0,16,0,9,96,35,0,33,0,0
8,9,40,16,14,15,2,0,71,23,48,23,0,0,44,17,11,17,2,0,76,25,51,23,0,0,37,13,10,14,0,0,54,19,40,19,0,0,43,16,12,15,2,0,69,24,48,26,0,0,35,13,11,11,0,0,55,17,43,19,0,0,47,15,12,16,2,0,72,24,50,24,0,0,36,13,10,12,0,0,48,18,38,19,0,0,77,22,0,23,0,10,54,21,0,19,0,7,57,15,0,18,0,8,95,29,0,32,0,0
8,10,42,17,13,17,2,0,68,24,49,23,0,0,48,15,11,15,2,0,70,25,53,25,0,0,33,14,11,12,0,0,57,17,38,17,0,0,53,14,12,16,2,0,72,23,48,24,0,0,38,13,9,11,0,0,53,20,41,19,0,0,51,17,13,17,2,0,74,26,48,25,0,0,40,12,9,12,0,0,53,17,41,16,0,0,67,24,0,24,0,11,54,19,0,16,0,7,54,18,0,20,0,6,95,33,0,32,0,0
8,11,49,15,11,16,2,0,72,25,48,25,0,0,53,16,12,16,2,0,73,26,50,25,0,0,34,12,9,12,0,0,53,18,39,18,0,0,47,16,13,16,2,0,71,24,49,24,0,0,40,11,10,12,0,0,53,18,40,16,0,0,51,17,11,13,2,0,79,25,47,23,0,0,36,12,9,12,0,0,52,17,40,19,0,0,75,25,0,23,0,10,54,17,0,17,0,9,55,17,0,16,0,9,94,34,0,31,0,0
8,12,50,15,12,18,2,0,74,25,53,24,0,0,50,14,12,14,2,0,71,20,49,23,0,0,39,12,9,13,0,0,54,18,38,17,0,0,46,16,13,18,2,0,73,22,48,23,0,0,35,11,10,11,0,0,55,20,38,18,0,0,41,16,13,17,2,0,79,26,49,22,0,0,35,11,10,11,0,0,54,19,40,17,0,0,76,20,0,23,0,10,55,19,0,18,0,7,52,20,0,17,0,7,94,34,0,30,0,0
8,13,49,15,13,17,2,0,73,22,54,22,0,0,51,17,12,16,2,0,70,24,46,26,0,0,34,12,10,12,0,0,56,20,40,19,0,0,49,17,12,17,2,0,70,24,50,22,0,0,39,12,10,11,0,0,51,17,40,19,0,0,48,16,12,17,2,0,74,24,47,23,0,0,37,12,10,14,0,0,56,19,40,17,0,0,72,22,0,27,0,10,58,14,0,19,0,7,53,19,0,18,0,7,99,32,0,28,0,0
8,14,48,17,13,14,2,0,72,24,51,25,0,0,47,17,12,17,2,0,70,23,52,24,0,0,37,12,11,11,0,0,54,19,42,17,0,0,54,16,12,16,2,0,72,24,48,25,0,0,34,11,10,14,0,0,53,19,41,19,0,0,47,15,11,16,2,0,74,23,50,25,0,0,35,12,10,13,0,0,55,18,42,19,0,0,70,24,0,24,0,11,55,14,0,17,0,7,48,16,0,15,0,7,97,32,0,28,0,0
8,15,54,17,12,14,2,0,75,24,51,25,0,0,49,15,13,15,2,0,77,22,51,26,0,0,38,13,10,13,0,0,52,17,40,16,0,0,52,18,12,16,2,0,72,25,50,25,0,0,37,11,11,11,0,0,54,19,39,18,0,0,50,15,12,16,2,0,70,25,49,23,0,0,36,13,11,14,0,0,60,18,39,18,0,0,71,26,0,21,0,10,49,17,0,20,0,6,56,14,0,18,0,7,90,32,0,30,0,0
8,16,45,15,11,16,2,0,73,25,50,24,0,0,49,14,14,15,2,0,72,25,50,22,0,0,35,11,10,11,0,0,56,20,41,19,0,0,47,15,12,17,2,0,76,25,49,23,0,0,37,13,10,14,0,0,57,18,39,17,0,0,47,17,14,17,2,0,74,25,47,23,0,0,38,12,9,10,0,0,53,18,39,18,0,0,74,25,0,19,0,9,56,19,0,19,0,7,52,20,0,16,0,7,96,30,0,28,0,0
8,17,47,13,12,17,2,0,72,23,50,26,0,0,51,17,12,17,2,0,74,25,51,24,0,0,36,13,9,11,0,0,54,18,38,18,0,0,50,16,14,15,2,0,72,24,48,23,0,0,36,13,11,13,0,0,52,17,40,20,0,0,48,14,12,17,2,0,74,21,50,25,0,0,34,11,9,14,0,0,52,18,41,20,0,0,72,23,0,24,0,9,51,15,0,16,0,7,52,17,0,18,0,7,102,36,0,28,0,0
8,18,46,16,13,16,2,0,73,23,49,22,0,0,46,19,12,14,2,0,71,26,51,23,0,0,35,11,11,12,0,0,50,18,38,20,0,0,45,16,13,16,2,0,76,25,52,23,0,0,37,12,10,13,0,0,54,18,41,16,0,0,47,16,12,17,2,0,73,26,50,25,0,0,37,12,9,11,0,0,54,17,41,19,0,0,71,22,0,25,0,9,51,18,0,20,0,7,49,19,0,16,0,7,100,32,0,32,0,0
8,19,54,17,12,16,2,0,70,23,51,23,0,0,52,17,13,16,2,0,75,23,47,25,0,0,37,11,10,11,0,0,52,18,40,17,0,0,46,16,13,16,2,0,67,25,51,23,0,0,33,12,10,11,0,0,51,18,40,18,0,0,48,15,12,17,2,0,71,23,50,24,0,0,32,13,9,14,0,0,54,17,38,18,0,0,71,24,0,27,0,10,59,19,0,15,0,6,59,16,0,24,0,7,96,34,0,34,0,0
9,0,39,12,10,12,2,0,55,19,37,18,0,0,24,9,7,9,0,0,36,12,32,12,0,0,25,8,7,8,0,0,35,12,28,12,0,0,24,8,8,7,0,0,39,12,30,11,0,0,24,9,8,9,0,0,37,12,29,12,0,0,24,9,8,9,0,0,38,12,28,13,0,0,26,7,8,8,0,0,36,13,31,12,0,0,49,17,0,15,0,8,53,17,0,17,0,7,56,15,0,18,0,7,71,21,0,25,0,0
9,1,37,13,10,12,2,0,51,17,42,16,0,0,24,9,7,8,0,0,36,12,30,12,0,0,26,9,7,7,0,0,35,12,31,11,0,0,23,8,8,8,0,0,34,14,31,12,0,0,25,8,8,8,0,0,36,12,29,13,0,0,23,7,7,7,0,0,36,12,31,13,0,0,24,8,8,7,0,0,37,11,32,12,0,0,48,15,0,15,0,9,49,21,0,20,0,7,54,22,0,16,0,7,67,28,0,22,0,0
9,2,32,12,10,11,2,0,56,19,39,18,0,0,24,8,8,8,0,0,36,12,31,12,0,0,25,8,7,8,0,0,34,13,27,12,0,0,26,7,8,8,0,0,35,13,30,11,0,0,23,9,8,9,0,0,38,12,33,12,0,0,23,8,6,9,0,0,38,11,30,12,0,0,23,7,7,8,0,0,35,12,31,12,0,0,48,17,0,17,0,9,56,16,0,21,0,7,55,19,0,17,0,7,67,25,0,22,0,0
9,3,35,12,11,12,2,0,53,18,40,17,0,0,22,8,7,9,0,0,36,13,29,11,0,0,22,9,8,7,0,0,35,11,28,12,0,0,24,8,7,9,0,0,35,12,29,12,0,0,24,8,8,8,0,0,34,12,30,12,0,0,24,7,7,7,0,0,37,13,31,12,0,0,21,7,8,8,0,0,36,12,30,12,0,0,47,17,0,15,0,8,53,20,0,18,0,6,57,17,0,18,0,8,67,20,0,24,0,0
9,4,37,12,10,11,2,0,53,18,40,18,0,0,23,7,7,8,0,0,35,10,30,12,0,0,26,8,7,7,0,0,35,12,31,12,0,0,26,7,8,8,0,0,33,13,30,12,0,0,23,9,7,9,0,0,37,11,32,12,0,0,25,7,9,7,0,0,37,11,29,13,0,0,25,7,8,9,0,0,35,13,29,12,0,0,49,15,0,16,0,9,57,18,0,18,0,8,57,16,0,19,0,6,72,22,0,26,0,0
9,5,32,11,9,12,2,0,53,19,37,19,0,0,23,8,7,9,0,0,34,12,31,11,0,0,23,8,7,7,0,0,36,12,30,13,0,0,23,7,8,8,0,0,34,11,31,12,0,0,24,8,8,8,0,0,39,12,31,13,0,0,24,8,8,8,0,0,35,12,31,13,0,0,25,9,7,8,0,0,38,11,30,13,0,0,46,14,0,18,0,9,54,17,0,19,0,7,61,16,0,18,0,6,72,25,0,25,0,0
9,6,37,13,10,14,2,0,52,17,40,18,0,0,25,8,8,8,0,0,37,13,31,12,0,0,25,8,7,8,0,0,36,12,31,12,0,0,23,9,7,8,0,0,37,11,31,12,0,0,26,8,8,8,0,0,36,11,30,11,0,0,25,7,7,9,0,0,35,11,31,12,0,0,25,8,9,8,0,0,38,12,28,12,0,0,49,15,0,15,0,9,46,20,0,17,0,8,54,20,0,19,0,7,74,23,0,22,0,0
9,7,36,12,11,12,2,0,55,18,41,17,0,0,23,9,8,7,0,0,38,11,31,11,0,0,27,7,8,8,0,0,35,12,31,11,0,0,23,8,7,8,0,0,40,11,31,12,0,0,25,8,8,8,0,0,39,12,30,12,0,0,22,8,8,8,0,0,39,11,31,13,0,0,24,7,7,8,0,0,33,11,29,13,0,0,49,17,0,17,0,10,52,18,0,19,0,9,54,18,0,21,0,7,72,21,0,23,0,0
9,8,37,13,10,11,2,0,56,18,41,21,0,0,24,7,7,8,0,0,34,12,30,13,0,0,26,9,6,9,0,0,37,12,28,11,0,0,22,7,7,7,0,0,40,12,31,11,0,0,23,8,7,8,0,0,36,12,32,12,0,0,25,8,8,8,0,0,36,12,31,13,0,0,24,9,7,8,0,0,35,12,31,12,0,0,48,14,0,16,0,8,54,17,0,18,0,7,53,18,0,20,0,7,73,27,0,26,0,0
9,9,38,13,11,13,2,0,51,18,40,17,0,0,25,7,7,8,0,0,34,13,29,12,0,0,25,8,7,8,0,0,36,14,30,12,0,0,23,8,7,9,0,0,36,12,32,10,0,0,26,8,8,7,0,0,35,12,32,13,0,0,26,8,7,7,0,0,35,11,29,12,0,0,24,8,8,8,0,0,35,11,29,11,0,0,49,17,0,17,0,9,52,17,0,15,0,7,50,16,0,16,0,8,71,19,0,24,0,0
9,10,36,11,10,12,2,0,53,18,42,19,0,0,25,9,8,9,0,0,34,12,30,13,0,0,25,8,8,8,0,0,37,11,30,12,0,0,24,8,7,9,0,0,35,11,30,11,0,0,23,8,7,7,0,0,39,12,29,12,0,0,25,9,7,9,0,0,33,11,30,12,0,0,23,8,7,8,0,0,37,13,29,11,0,0,47,16,0,15,0,9,55,15,0,20,0,8,57,17,0,21,0,7,73,30,0,27,0,0
9,11,34,12,9,13,2,0,54,17,40,17,0,0,24,9,7,8,0,0,36,12,29,12,0,0,26,8,8,8,0,0,37,13,28,11,0,0,25,7,8,8,0,0,35,12,30,13,0,0,23,9,8,8,0,0,37,12,30,12,0,0,23,7,8,8,0,0,36,12,30,11,0,0,26,8,7,8,0,0,36,13,31,12,0,0,51,17,0,16,0,10,53,17,0,15,0,7,49,19,0,17,0,7,71,22,0,27,0,0
9,12,34,13,9,13,2,0,55,19,42,19,0,0,25,9,7,9,0,0,35,12,27,12,0,0,23,9,8,9,0,0,34,13,32,13,0,0,25,8,7,9,0,0,34,12,28,12,0,0,25,8,8,8,0,0,33,12,29,12,0,0,25,7,7,7,0,0,36,11,30,11,0,0,24,8,8,8,0,0,33,11,30,11,0,0,42,18,0,17,0,8,55,17,0,18,0,8,49,20,0,18,0,7,74,27,0,25,0,0
9,13,36,14,11,13,2,0,56,18,38,18,0,0,23,7,7,10,0,0,36,12,29,11,0,0,23,9,8,8,0,0,37,12,31,12,0,0,26,8,7,8,0,0,34,13,30,11,0,0,25,8,7,9,0,0,36,12,30,11,0,0,22,9,7,8,0,0,33,11,31,12,0,0,26,9,7,8,0,0,36,13,31,12,0,0,48,18,0,17,0,7,55,17,0,22,0,7,59,22,0,18,0,7,71,26,0,23,0,0
9,14,39,12,9,12,2,0,55,19,41,19,0,0,23,9,8,8,0,0,39,12,29,12,0,0,25,9,7,8,0,0,35,11,29,11,0,0,25,9,7,8,0,0,34,12,29,11,0,0,25,8,7,7,0,0,37,13,30,11,0,0,26,8,7,10,0,0,35,12,31,12,0,0,24,8,8,8,0,0,38,11,31,13,0,0,49,17,0,16,0,9,51,17,0,16,0,7,46,19,0,22,0,7,72,23,0,24,0,0
9,15,34,14,9,13,2,0,55,18,40,18,0,0,22,7,7,7,0,0,36,12,28,12,0,0,25,8,7,8,0,0,35,12,30,14,0,0,23,8,7,8,0,0,38,10,29,13,0,0,24,7,8,9,0,0,36,11,30,12,0,0,25,9,6,8,0,0,34,14,30,12,0,0,24,7,7,9,0,0,37,13,30,12,0,0,47,16,0,15,0,8,55,18,0,19,0,7,56,22,0,21,0,7,73,21,0,25,0,0
9,16,36,13,9,14,2,0,54,18,42,18,0,0,24,8,8,8,0,0,36,13,30,13,0,0,23,8,8,8,0,0,36,12,29,12,0,0,24,8,8,9,0,0,35,12,31,13,0,0,25,8,8,8,0,0,35,12,31,12,0,0,24,8,6,8,0,0,36,12,29,11,0,0,25,9,8,7,0,0,37,12,29,12,0,0,49,17,0,16,0,9,56,20,0,15,0,6,54,18,0,18,0,6,65,24,0,23,0,0
9,17,39,11,11,14,2,0,53,15,38,19,0,0,27,9,8,8,0,0,38,13,29,11,0,0,21,9,7,8,0,0,33,11,30,12,0,0,23,7,7,9,0,0,36,12,29,10,0,0,23,7,8,10,0,0,37,14,31,12,0,0,24,9,8,8,0,0,36,11,31,13,0,0,24,8,8,8,0,0,36,12,30,13,0,0,50,15,0,15,0,9,54,17,0,19,0,8,55,17,0,18,0,7,73,24,0,25,0,0
9,18,36,13,9,11,2,0,55,17,40,19,0,0,25,8,8,8,0,0,36,12,32,13,0,0,27,8,7,7,0,0,35,13,29,13,0,0,22,7,7,8,0,0,37,12,30,12,0,0,24,7,7,9,0,0,33,13,30,11,0,0,25,9,8,8,0,0,38,11,29,11,0,0,26,8,8,8,0,0,35,12,31,11,0,0,48,15,0,16,0,8,51,19,0,16,0,7,54,20,0,21,0,9,69,26,0,23,0,0
9,19,34,12,10,13,2,0,52,18,40,17,0,0,24,10,7,8,0,0,37,12,31,12,0,0,27,8,7,8,0,0,35,13,29,12,0,0,23,8,7,7,0,0,35,12,29,12,0,0,25,8,8,7,0,0,35,13,30,12,0,0,27,9,8,9,0,0,33,11,30,12,0,0,23,6,8,8,0,0,38,11,29,10,0,0,47,17,0,15,0,9,54,15,0,19,0,8,56,21,0,16,0,8,73,22,0,19,0,0
10,0,36,11,11,12,2,0,52,20,41,18,0,0,36,12,11,12,0,0,55,18,43,19,0,0,39,11,11,12,0,0,54,20,39,18,0,0,37,13,10,14,0,0,51,19,42,20,0,0,33,11,11,10,0,0,51,18,40,20,0,0,36,11,10,12,0,0,55,18,37,17,0,0,39,12,10,13,0,0,52,18,40,18,0,0,72,24,0,21,0,9,55,21,0,17,0,7,51,19,0,18,0,8,72,25,0,23,0,0
10,1,35,13,11,13,2,0,55,17,42,20,0,0,36,12,10,13,0,0,54,17,40,19,0,0,38,12,10,13,0,0,54,18,40,16,0,0,36,13,10,14,0,0,53,18,41,20,0,0,36,11,11,14,0,0,53,19,42,19,0,0,36,11,10,12,0,0,56,18,39,19,0,0,38,12,9,12,0,0,56,17,37,20,0,0,74,25,0,22,0,10,49,21,0,18,0,7,48,19,0,19,0,8,68,23,0,22,0,0
10,2,36,12,10,11,2,0,54,17,42,17,0,0,35,11,9,12,0,0,52,18,40,17,0,0,35,12,11,12,0,0,56,19,41,19,0,0,34,12,11,12,0,0,48,18,40,15,0,0,39,11,10,12,0,0,51,17,39,19,0,0,36,11,9,13,0,0,57,19,41,18,0,0,33,12,10,10,0,0,56,17,42,19,0,0,74,25,0,23,0,10,55,17,0,16,0,7,51,15,0,15,0,7,71,27,0,22,0,0
10,3,34,14,11,13,2,0,58,18,41,18,0,0,35,14,10,13,0,0,55,17,39,18,0,0,35,11,11,11,0,0,54,18,39,19,0,0,34,12,10,12,0,0,51,19,41,17,0,0,38,12,9,11,0,0,56,18,39,17,0,0,35,12,9,10,0,0,56,19,38,18,0,0,34,12,10,12,0,0,58,18,39,17,0,0,75,21,0,22,0,10,55,22,0,18,0,7,50,21,0,19,0,8,71,22,0,24,0,0
10,4,36,13,10,12,2,0,53,16,41,19,0,0,37,11,9,12,0,0,54,18,42,17,0,0,40,12,9,12,0,0,56,18,38,18,0,0,34,12,11,11,0,0,52,19,39,17,0,0,33,12,10,11,0,0,54,20,39,16,0,0,37,12,10,13,0,0,56,16,39,20,0,0,37,13,11,12,0,0,56,19,41,18,0,0,73,23,0,24,0,9,53,16,0,17,0,7,57,17,0,21,0,8,72,25,0,26,0,0
10,5,39,12,10,13,2,0,54,19,41,18,0,0,33,12,9,11,0,0,51,18,42,18,0,0,36,13,9,13,0,0,54,19,39,17,0,0,36,14,11,11,0,0,51,16,42,17,0,0,35,13,9,13,0,0,53,17,40,17,0,0,37,11,9,12,0,0,51,18,38,18,0,0,36,12,10,13,0,0,52,18,36,18,0,0,71,22,0,25,0,9,51,18,0,15,0,8,54,14,0,14,0,8,67,25,0,27,0,0
10,6,37,13,9,14,2,0,53,20,43,18,0,0,38,12,9,13,0,0,53,20,42,19,0,0,40,14,10,11,0,0,50,20,39,19,0,0,34,14,10,11,0,0,54,17,41,18,0,0,37,12,10,11,0,0,58,18,37,17,0,0,36,14,11,11,0,0,59,18,42,17,0,0,31,11,8,14,0,0,54,17,41,18,0,0,74,26,0,23,0,10,57,18,0,22,0,7,55,17,0,19,0,7,78,23,0,22,0,0
10,7,34,11,10,13,2,0,55,18,39,19,0,0,35,12,10,11,0,0,56,19,37,18,0,0,34,13,9,12,0,0,55,18,41,16,0,0,40,13,11,13,0,0,54,17,39,20,0,0,39,11,8,12,0,0,53,18,41,19,0,0,38,12,9,12,0,0,59,18,40,18,0,0,37,10,10,12,0,0,57,18,38,18,0,0,69,22,0,22,0,10,56,19,0,19,0,8,46,18,0,16,0,7,72,21,0,26,0,0
10,8,37,11,9,12,2,0,49,18,42,18,0,0,36,14,8,11,0,0,53,19,41,17,0,0,38,12,11,11,0,0,54,18,41,17,0,0,36,13,10,13,0,0,54,18,40,18,0,0,37,12,10,10,0,0,55,18,41,18,0,0,32,12,10,13,0,0,50,18,41,17,0,0,36,11,10,12,0,0,52,19,39,17,0,0,78,26,0,20,0,10,55,15,0,20,0,8,58,19,0,19,0,8,69,25,0,23,0,0
10,9,37,11,10,12,2,0,56,18,40,19,0,0,37,12,9,13,0,0,55,19,40,16,0,0,32,13,10,12,0,0,54,18,40,17,0,0,36,11,10,12,0,0,54,19,40,19,0,0,39,13,10,12,0,0,56,18,41,19,0,0,35,13,10,12,0,0,53,18,41,19,0,0,37,13,11,12,0,0,52,19,39,17,0,0,66,25,0,21,0,10,56,17,0,18,0,7,55,17,0,18,0,8,74,26,0,27,0,0
10,10,35,10,12,12,2,0,56,20,40,17,0,0,36,10,10,13,0,0,54,18,41,19,0,0,32,12,12,11,0,0,54,20,41,17,0,0,36,12,10,12,0,0,53,18,39,17,0,0,36,14,10,12,0,0,56,18,42,18,0,0,37,11,10,12,0,0,54,17,39,18,0,0,37,12,10,12,0,0,54,18,40,21,0,0,73,25,0,25,0,10,53,20,0,17,0,7,50,19,0,16,0,6,81,21,0,24,0,0
10,11,38,13,10,13,2,0,55,18,39,19,0,0,39,11,10,12,0,0,54,18,41,17,0,0,34,13,10,11,0,0,53,18,42,19,0,0,38,13,11,11,0,0,54,17,40,19,0,0,36,13,9,13,0,0,51,18,41,18,0,0,37,11,9,13,0,0,58,17,42,18,0,0,33,11,10,12,0,0,51,16,39,18,0,0,72,23,0,24,0,10,54,20,0,16,0,7,50,17,0,14,0,7,77,24,0,25,0,0
10,12,36,13,10,13,2,0,51,19,41,20,0,0,37,11,9,13,0,0,50,18,40,18,0,0,36,12,8,12,0,0,49,19,39,16,0,0,34,11,11,12,0,0,55,19,40,19,0,0,37,11,11,11,0,0,56,16,41,20,0,0,36,12,10,12,0,0,58,18,40,17,0,0,34,11,10,12,0,0,53,20,39,18,0,0,74,25,0,24,0,10,55,17,0,15,0,6,52,18,0,19,0,7,74,25,0,27,0,0
10,13,34,10,10,11,2,0,54,20,39,19,0,0,36,11,10,11,0,0,54,18,41,17,0,0,37,11,10,8,0,0,58,19,39,17,0,0,35,13,9,12,0,0,58,17,40,20,0,0,37,12,10,12,0,0,57,18,37,18,0,0,34,12,10,13,0,0,55,18,40,17,0,0,31,12,11,12,0,0,53,18,40,20,0,0,76,26,0,26,0,10,55,19,0,19,0,9,54,20,0,17,0,8,73,27,0,22,0,0
10,14,36,13,10,13,2,0,55,18,41,18,0,0,35,12,10,12,0,0,54,18,41,18,0,0,41,12,10,15,0,0,55,19,41,19,0,0,37,11,10,11,0,0,54,17,40,18,0,0,37,12,10,12,0,0,56,19,38,16,0,0,34,13,11,11,0,0,55,20,41,19,0,0,38,11,10,12,0,0,54,19,41,15,0,0,68,20,0,24,0,10,51,19,0,19,0,6,54,22,0,21,0,7,75,23,0,22,0,0
10,15,36,11,10,10,2,0,56,19,40,19,0,0,34,12,11,9,0,0,53,18,40,19,0,0,34,11,9,14,0,0,53,18,40,19,0,0,37,15,10,12,0,0,53,18,38,18,0,0,38,11,9,14,0,0,51,16,38,16,0,0,37,12,10,13,0,0,53,19,42,18,0,0,38,12,11,10,0,0,50,18,39,17,0,0,71,25,0,23,0,9,52,16,0,15,0,7,57,15,0,17,0,7,71,22,0,21,0,0
10,16,36,12,9,12,2,0,55,17,40,19,0,0,32,11,11,13,0,0,51,19,40,19,0,0,35,13,11,12,0,0,54,17,42,18,0,0,34,11,10,13,0,0,51,20,40,18,0,0,36,12,10,13,0,0,54,19,39,18,0,0,34,13,9,12,0,0,53,18,41,18,0,0,39,11,10,11,0,0,55,18,40,19,0,0,70,25,0,22,0,9,52,18,0,22,0,8,55,17,0,21,0,7,74,23,0,20,0,0
10,17,38,14,10,12,2,0,57,18,40,17,0,0,37,10,11,13,0,0,55,18,42,19,0,0,35,11,9,13,0,0,52,19,42,17,0,0,36,12,11,14,0,0,50,18,40,17,0,0,35,12,10,10,0,0,60,18,40,17,0,0,37,12,9,11,0,0,56,20,40,19,0,0,36,12,11,14,0,0,57,17,40,18,0,0,71,25,0,26,0,11,53,15,0,19,0,7,56,19,0,18,0,7,65,22,0,23,0,0
10,18,36,11,9,13,2,0,55,17,40,20,0,0,38,10,10,12,0,0,52,16,40,17,0,0,34,12,10,12,0,0,52,18,38,18,0,0,30,12,11,11,0,0,56,19,36,18,0,0,30,12,10,10,0,0,58,18,39,19,0,0,32,11,8,14,0,0,55,19,40,19,0,0,36,12,10,11,0,0,54,18,40,17,0,0,68,26,0,23,0,9,49,16,0,18,0,8,55,22,0,19,0,8,67,24,0,22,0,0
10,19,39,11,10,12,2,0,52,17,40,19,0,0,37,11,10,12,0,0,56,21,40,19,0,0,34,12,10,12,0,0,59,18,41,16,0,0,37,13,10,9,0,0,54,18,41,20,0,0,35,11,9,12,0,0,55,17,41,18,0,0,36,11,10,10,0,0,55,18,40,19,0,0,37,12,10,11,0,0,53,18,39,19,0,0,70,24,0,24,0,10,56,14,0,20,0,7,55,16,0,14,0,7,71,22,0,23,0,0
11,0,46,17,13,19,2,0,70,24,51,23,0,0,50,14,12,17,2,0,72,23,52,23,0,0,49,17,12,16,2,0,69,23,48,22,0,0,39,13,10,11,0,0,56,17,41,17,0,0,35,13,11,13,0,0,52,18,40,17,0,0,39,10,9,11,0,0,48,17,41,18,0,0,39,14,10,12,0,0,54,15,38,18,0,0,74,25,0,22,0,11,76,27,0,23,0,8,74,25,0,24,0,8,100,31,0,34,0,0
11,1,47,18,12,18,2,0,69,24,50,22,0,0,47,15,13,18,2,0,72,23,51,23,0,0,48,15,12,17,2,0,74,22,48,26,0,0,33,10,10,12,0,0,54,18,40,17,0,0,39,11,10,13,0,0,52,17,41,17,0,0,35,13,10,10,0,0,58,17,39,18,0,0,37,14,9,13,0,0,56,18,41,19,0,0,68,27,0,21,0,9,80,23,0,24,0,8,67,23,0,28,0,9,99,30,0,32,0,0
11,2,46,22,13,17,2,0,75,27,53,22,0,0,45,15,12,16,2,0,77,24,53,26,0,0,47,13,12,15,2,0,72,25,48,25,0,0,35,12,11,11,0,0,53,18,39,19,0,0,34,11,10,13,0,0,53,18,43,18,0,0,38,14,11,12,0,0,55,17,39,17,0,0,41,11,9,11,0,0,55,18,41,19,0,0,68,22,0,27,0,10,71,21,0,23,0,7,73,25,0,20,0,7,93,32,0,31,0,0
11,3,51,18,12,15,2,0,70,22,50,23,0,0,50,17,13,14,2,0,69,23,52,24,0,0,52,17,12,18,2,0,77,24,50,23,0,0,39,13,10,11,0,0,56,19,39,17,0,0,37,10,10,12,0,0,57,18,41,17,0,0,38,14,9,12,0,0,60,18,40,19,0,0,36,10,11,10,0,0,53,19,40,17,0,0,75,22,0,22,0,9,67,26,0,25,0,8,74,27,0,23,0,8,100,32,0,30,0,0
11,4,49,18,12,17,2,0,76,25,48,23,0,0,52,16,12,15,2,0,72,27,51,24,0,0,46,15,13,15,2,0,74,22,49,26,0,0,35,13,10,12,0,0,53,18,40,19,0,0,34,12,10,13,0,0,52,17,41,16,0,0,39,12,9,12,0,0,55,17,40,19,0,0,36,11,10,13,0,0,58,16,41,18,0,0,75,23,0,20,0,9,66,20,0,26,0,8,75,23,0,24,0,8,92,33,0,35,0,0
11,5,52,16,13,14,2,0,74,23,53,25,0,0,45,16,15,14,2,0,74,26,49,25,0,0,54,16,13,15,2,0,74,26,50,26,0,0,39,13,10,11,0,0,52,19,38,19,0,0,34,13,10,13,0,0,56,19,42,18,0,0,34,11,9,11,0,0,54,17,40,18,0,0,35,11,10,11,0,0,53,19,40,20,0,0,77,23,0,22,0,10,70,26,0,27,0,7,75,24,0,22,0,8,89,34,0,31,0,0
11,6,48,15,14,15,2,0,70,23,51,23,0,0,44,18,13,16,2,0,75,23,51,23,0,0,47,16,12,17,2,0,68,24,53,23,0,0,36,11,10,12,0,0,57,18,39,21,0,0,36,11,11,12,0,0,58,17,42,18,0,0,39,14,9,13,0,0,51,17,39,19,0,0,36,12,10,13,0,0,55,19,42,18,0,0,70,25,0,22,0,10,71,21,0,20,0,9,77,24,0,29,0,8,85,31,0,34,0,0
11,7,46,17,13,16,2,0,74,23,50,22,0,0,41,17,12,18,2,0,72,25,52,24,0,0,51,16,12,16,2,0,68,25,49,24,0,0,35,14,11,11,0,0,53,19,41,18,0,0,34,11,10,12,0,0,58,17,39,18,0,0,38,11,11,12,0,0,52,16,41,18,0,0,36,11,10,12,0,0,54,17,38,21,0,0,68,24,0,20,0,10,73,27,0,25,0,7,78,26,0,21,0,8,95,34,0,34,0,0
11,8,47,18,13,16,2,0,74,20,50,23,0,0,47,15,12,18,2,0,70,25,50,24,0,0,48,17,10,14,2,0,70,24,49,23,0,0,37,13,9,11,0,0,52,16,40,19,0,0,38,11,9,12,0,0,56,18,40,19,0,0,34,12,11,12,0,0,51,17,39,18,0,0,34,12,10,10,0,0,55,18,41,17,0,0,70,25,0,27,0,10,71,20,0,27,0,8,71,26,0,26,0,8,96,29,0,32,0,0
11,9,50,18,12,19,2,0,70,21,50,22,0,0,48,16,13,14,2,0,75,23,48,22,0,0,44,17,14,15,2,0,73,25,48,24,0,0,38,9,11,12,0,0,56,18,38,19,0,0,36,12,11,13,0,0,58,18,39,18,0,0,37,13,9,12,0,0,57,18,41,18,0,0,38,11,9,12,0,0,51,18,40,20,0,0,73,25,0,26,0,9,82,24,0,27,0,7,73,24,0,25,0,7,94,32,0,35,0,0
11,10,52,17,12,15,2,0,74,25,51,25,0,0,45,17,12,15,2,0,73,24,51,24,0,0,45,14,12,16,2,0,71,25,50,26,0,0,36,14,10,12,0,0,52,17,39,17,0,0,37,11,10,13,0,0,54,20,38,18,0,0,35,13,9,11,0,0,54,20,40,17,0,0,33,14,10,11,0,0,57,19,42,17,0,0,67,24,0,25,0,11,65,26,0,21,0,7,68,22,0,20,0,7,99,34,0,37,0,0
11,11,49,18,12,14,2,0,79,26,54,24,0,0,50,15,13,14,2,0,68,26,53,22,0,0,52,17,11,15,2,0,68,24,49,25,0,0,36,11,10,14,0,0,53,17,41,18,0,0,33,14,10,12,0,0,54,20,38,18,0,0,40,12,9,11,0,0,54,19,40,19,0,0,33,11,10,13,0,0,54,18,40,19,0,0,70,25,0,22,0,9,68,25,0,24,0,8,67,28,0,26,0,7,98,33,0,35,0,0
11,12,49,14,14,17,2,0,68,25,48,24,0,0,49,17,13,17,2,0,72,24,47,23,0,0,49,16,12,16,2,0,71,24,51,24,0,0,34,11,12,11,0,0,53,19,40,19,0,0,35,12,10,12,0,0,55,19,40,18,0,0,38,13,11,10,0,0,56,19,39,18,0,0,38,11,10,13,0,0,52,18,40,17,0,0,69,24,0,26,0,9,75,22,0,20,0,9,75,24,0,23,0,8,91,31,0,31,0,0
11,13,46,17,13,16,2,0,70,24,49,24,0,0,49,14,12,18,2,0,72,27,52,23,0,0,46,17,12,17,2,0,71,23,52,24,0,0,35,12,10,11,0,0,53,17,41,17,0,0,32,10,9,13,0,0,54,19,41,18,0,0,36,13,10,13,0,0,55,17,39,17,0,0,39,12,9,12,0,0,54,18,43,19,0,0,72,21,0,23,0,9,81,24,0,24,0,8,67,30,0,28,0,7,97,35,0,34,0,0
11,14,46,15,12,18,2,0,68,23,47,23,0,0,52,16,12,17,2,0,78,25,51,23,0,0,50,16,13,15,2,0,66,25,47,24,0,0,37,12,10,12,0,0,55,19,42,18,0,0,36,11,10,13,0,0,54,19,40,19,0,0,38,13,10,11,0,0,53,19,43,18,0,0,37,11,9,11,0,0,50,19,37,18,0,0,68,22,0,27,0,9,69,22,0,24,0,9,64,24,0,23,0,8,99,33,0,30,0,0
11,15,50,17,14,17,2,0,71,24,50,23,0,0,53,16,13,17,2,0,70,22,50,24,0,0,47,15,13,15,2,0,74,25,52,24,0,0,36,11,10,11,0,0,56,18,41,17,0,0,39,12,9,12,0,0,59,18,40,18,0,0,36,11,10,13,0,0,55,17,40,17,0,0,36,13,10,12,0,0,58,19,41,20,0,0,74,20,0,26,0,10,65,23,0,23,0,8,76,22,0,25,0,8,97,29,0,29,0,0
11,16,51,16,12,16,2,0,65,23,49,24,0,0,49,17,13,14,2,0,68,24,49,24,0,0,51,19,13,16,2,0,76,24,49,22,0,0,37,12,10,13,0,0,53,18,40,18,0,0,37,13,9,12,0,0,54,18,41,18,0,0,37,13,10,12,0,0,53,18,40,18,0,0,36,12,10,10,0,0,54,18,40,17,0,0,68,25,0,23,0,9,72,23,0,21,0,7,73,25,0,22,0,9,94,34,0,37,0,0
11,17,47,16,12,17,2,0,69,22,52,24,0,0,49,15,11,17,2,0,71,24,51,25,0,0,50,16,13,17,2,0,76,23,51,24,0,0,32,13,8,10,0,0,55,19,39,18,0,0,31,13,10,12,0,0,54,18,40,16,0,0,41,13,9,12,0,0,53,19,37,18,0,0,32,12,10,12,0,0,53,17,41,18,0,0,74,24,0,23,0,10,63,25,0,25,0,8,61,23,0,29,0,8,96,33,0,34,0,0
11,18,49,18,13,19,2,0,70,24,51,23,0,0,48,17,12,18,2,0,75,24,49,23,0,0,48,16,14,19,2,0,70,24,48,22,0,0,40,12,9,13,0,0,51,17,39,20,0,0,35,10,11,12,0,0,50,18,41,18,0,0,40,11,10,11,0,0,51,19,41,18,0,0,37,11,9,12,0,0,56,20,41,18,0,0,73,24,0,22,0,9,71,28,0,26,0,8,68,24,0,27,0,9,101,33,0,34,0,0
11,19,45,18,13,16,2,0,74,22,50,24,0,0,51,17,14,15,2,0,70,22,51,23,0,0,53,16,13,16,2,0,71,23,50,23,0,0,38,10,10,13,0,0,55,17,41,17,0,0,36,13,10,11,0,0,57,18,41,20,0,0,38,13,10,13,0,0,54,17,40,18,0,0,37,12,9,13,0,0,51,19,40,18,0,0,74,25,0,21,0,10,69,22,0,23,0,9,78,25,0,23,0,8,104,30,0,29,0,0
12,0,54,18,15,17,3,0,88,32,63,30,0,0,58,24,16,20,3,0,88,30,62,27,0,0,59,22,14,23,3,0,88,30,65,33,0,0,36,11,10,12,0,0,51,18,42,16,0,0,38,13,10,14,0,0,53,18,40,18,0,0,35,13,11,12,0,0,51,18,41,18,0,0,40,10,9,11,0,0,56,17,39,19,0,0,73,25,0,26,0,9,94,26,0,23,0,9,91,33,0,23,0,9,113,43,0,40,0,0
12,1,52,22,15,17,3,0,94,33,63,28,0,0,64,21,14,20,3,0,87,28,61,31,0,0,59,22,15,19,3,0,90,26,60,27,0,0,33,11,9,11,0,0,53,19,40,16,0,0,36,12,10,12,0,0,54,19,38,18,0,0,39,13,11,13,0,0,58,20,40,17,0,0,35,15,9,12,0,0,51,18,38,18,0,0,66,25,0,26,0,10,89,31,0,30,0,9,86,29,0,33,0,7,121,42,0,38,0,0
12,2,57,19,16,18,3,0,85,31,59,30,0,0,55,19,16,24,3,0,91,29,62,29,0,0,61,19,16,19,3,0,86,30,56,28,0,0,37,11,10,12,0,0,53,19,40,18,0,0,39,12,11,13,0,0,53,19,40,18,0,0,37,13,10,14,0,0,56,19,39,18,0,0,36,13,10,12,0,0,54,19,39,20,0,0,65,27,0,24,0,10,92,32,0,33,0,9,84,30,0,33,0,9,118,43,0,38,0,0
12,3,60,17,14,20,3,0,86,30,58,29,0,0,66,18,16,21,3,0,86,33,64,30,0,0,69,19,15,22,3,0,84,33,59,30,0,0,34,13,9,12,0,0,55,17,40,19,0,0,37,12,10,12,0,0,58,17,40,18,0,0,38,13,10,12,0,0,55,16,38,17,0,0,35,11,10,12,0,0,54,17,40,15,0,0,71,24,0,24,0,10,84,27,0,32,0,8,86,31,0,33,0,10,116,41,0,45,0,0
12,4,53,20,16,25,3,0,86,34,61,29,0,0,59,21,16,19,3,0,94,29,61,32,0,0,61,20,15,20,3,0,88,32,62,28,0,0,39,12,10,13,0,0,53,19,39,17,0,0,34,13,9,14,0,0,57,19,40,18,0,0,33,13,10,13,0,0,58,17,40,18,0,0,34,12,10,12,0,0,57,16,41,19,0,0,70,22,0,20,0,10,90,34,0,28,0,8,85,30,0,28,0,8,121,44,0,43,0,0
12,5,63,21,14,20,3,0,92,32,58,29,0,0,62,22,15,20,3,0,96,29,56,30,0,0,66,21,16,20,3,0,82,30,63,31,0,0,37,14,10,12,0,0,52,20,41,17,0,0,34,13,9,14,0,0,48,19,41,18,0,0,36,14,10,11,0,0,50,18,40,16,0,0,36,11,10,13,0,0,57,19,39,18,0,0,72,21,0,25,0,10,81,30,0,26,0,9,89,29,0,29,0,8,113,44,0,39,0,0
12,6,61,21,14,17,3,0,87,29,64,27,0,0,57,23,15,19,3,0,89,30,59,28,0,0,60,18,15,21,3,0,89,31,61,31,0,0,35,11,10,10,0,0,53,15,38,17,0,0,38,13,10,13,0,0,56,18,38,18,0,0,36,11,10,12,0,0,55,18,41,18,0,0,36,12,10,13,0,0,50,19,39,17,0,0,73,21,0,22,0,9,86,35,0,36,0,9,95,32,0,28,0,8,118,36,0,40,0,0
12,7,59,18,15,19,3,0,96,26,58,29,0,0,62,17,14,20,3,0,92,31,60,30,0,0,62,16,17,16,3,0,92,25,60,31,0,0,38,11,10,11,0,0,53,17,39,18,0,0,36,12,10,13,0,0,56,16,39,18,0,0,36,11,11,14,0,0,54,18,41,16,0,0,36,13,10,11,0,0,54,18,39,20,0,0,70,22,0,24,0,10,93,27,0,35,0,9,92,33,0,27,0,9,128,36,0,41,0,0
12,8,57,20,16,21,3,0,89,31,63,27,0,0,63,17,16,19,3,0,91,28,57,30,0,0,56,18,15,18,3,0,89,30,64,28,0,0,39,13,11,13,0,0,55,17,41,19,0,0,38,12,10,12,0,0,56,19,39,18,0,0,33,13,9,13,0,0,52,19,40,17,0,0,37,11,10,12,0,0,50,17,39,19,0,0,75,27,0,27,0,9,88,28,0,24,0,8,90,37,0,28,0,9,122,41,0,39,0,0
12,9,57,21,13,22,3,0,89,28,61,32,0,0,58,21,13,18,3,0,83,29,58,30,0,0,59,20,15,22,3,0,94,29,57,32,0,0,36,12,10,11,0,0,56,19,41,19,0,0,37,12,10,13,0,0,53,18,39,17,0,0,35,11,11,11,0,0,54,18,38,18,0,0,37,12,10,13,0,0,54,18,40,19,0,0,70,23,0,23,0,11,93,26,0,28,0,8,86,34,0,28,0,9,116,37,0,39,0,0
12,10,60,20,15,22,3,0,83,31,63,25,0,0,62,20,14,21,3,0,89,28,60,31,0,0,59,20,18,22,3,0,87,30,58,33,0,0,39,11,11,12,0,0,60,18,41,19,0,0,39,13,10,13,0,0,52,18,39,16,0,0,36,13,11,12,0,0,58,17,37,16,0,0,33,13,10,12,0,0,58,17,41,19,0,0,69,27,0,23,0,11,93,33,0,35,0,9,87,28,0,29,0,9,121,38,0,42,0,0
12,11,59,20,15,21,3,0,89,29,57,32,0,0,60,20,16,19,3,0,91,30,63,26,0,0,64,21,15,14,3,0,88,30,61,31,0,0,38,13,10,12,0,0,52,17,41,19,0,0,38,11,11,11,0,0,56,18,42,16,0,0,40,12,10,12,0,0,53,18,39,17,0,0,37,11,9,11,0,0,53,19,39,17,0,0,73,23,0,28,0,10,95,33,0,31,0,10,89,29,0,28,0,9,107,40,0,39,0,0
12,12,53,18,15,20,3,0,85,31,55,30,0,0,58,22,17,19,3,0,87,33,61,30,0,0,62,20,15,18,3,0,90,32,61,29,0,0,33,12,10,12,0,0,52,17,41,18,0,0,35,12,11,12,0,0,55,17,41,20,0,0,34,11,10,13,0,0,54,17,40,19,0,0,35,13,11,12,0,0,54,19,39,17,0,0,71,23,0,22,0,11,88,30,0,29,0,9,80,32,0,26,0,9,116,39,0,39,0,0
12,13,64,18,17,23,3,0,96,32,59,31,0,0,71,20,14,20,3,0,92,28,59,31,0,0,54,22,13,17,3,0,95,30,60,31,0,0,34,12,9,12,0,0,54,17,40,18,0,0,39,10,10,11,0,0,56,19,41,17,0,0,38,10,9,11,0,0,54,19,36,19,0,0,36,10,10,13,0,0,55,19,38,18,0,0,69,27,0,25,0,9,86,30,0,35,0,8,91,30,0,28,0,8,120,43,0,46,0,0
12,14,59,19,15,19,3,0,81,31,59,31,0,0,57,22,16,21,3,0,88,31,58,32,0,0,59,21,17,19,3,0,93,29,59,30,0,0,39,12,10,12,0,0,56,18,39,17,0,0,32,11,11,13,0,0,55,19,40,19,0,0,37,14,10,13,0,0,56,19,37,19,0,0,36,12,9,12,0,0,54,17,38,18,0,0,75,24,0,26,0,10,85,25,0,36,0,7,91,30,0,29,0,9,124,41,0,40,0,0
12,15,63,21,15,20,3,0,93,28,59,31,0,0,56,17,15,17,3,0,89,32,58,30,0,0,61,18,16,21,3,0,91,29,57,30,0,0,41,12,11,11,0,0,54,19,40,18,0,0,38,14,10,11,0,0,54,21,40,17,0,0,34,10,10,13,0,0,53,18,38,18,0,0,37,11,11,11,0,0,55,19,40,18,0,0,67,27,0,24,0,10,87,29,0,34,0,10,86,26,0,30,0,7,119,42,0,40,0,0
12,16,57,19,15,18,3,0,88,31,56,30,0,0,68,18,16,20,3,0,91,32,59,30,0,0,64,21,13,20,3,0,80,31,60,27,0,0,32,13,10,11,0,0,54,17,40,18,0,0,33,11,10,12,0,0,54,20,41,19,0,0,36,12,10,13,0,0,54,18,40,18,0,0,42,11,10,13,0,0,53,18,39,18,0,0,74,23,0,25,0,9,89,26,0,24,0,9,97,28,0,32,0,9,118,34,0,40,0,0
12,17,57,19,15,20,3,0,91,30,62,30,0,0,60,19,15,19,3,0,86,29,62,29,0,0,63,19,14,17,3,0,93,28,63,34,0,0,32,11,11,13,0,0,56,17,43,18,0,0,33,12,9,14,0,0,53,18,39,17,0,0,32,13,11,11,0,0,51,19,38,19,0,0,34,11,10,11,0,0,52,18,37,20,0,0,72,21,0,22,0,10,97,28,0,31,0,9,96,28,0,30,0,8,124,34,0,44,0,0
12,18,59,22,15,21,3,0,93,29,59,32,0,0,56,20,15,20,3,0,86,31,59,32,0,0,59,18,15,19,3,0,89,32,61,33,0,0,39,11,11,14,0,0,57,19,41,18,0,0,34,12,9,13,0,0,53,19,38,19,0,0,35,11,11,13,0,0,54,18,41,18,0,0,34,12,11,15,0,0,57,18,40,17,0,0,70,23,0,28,0,10,85,33,0,29,0,9,85,27,0,29,0,8,120,34,0,45,0,0
12,19,57,19,15,22,3,0,91,30,61,27,0,0,59,22,19,18,3,0,97,28,61,28,0,0,59,20,16,18,3,0,91,32,57,31,0,0,35,13,10,12,0,0,53,19,42,17,0,0,34,13,9,11,0,0,52,18,38,16,0,0,34,13,9,12,0,0,58,18,40,17,0,0,41,11,10,13,0,0,54,18,40,18,0,0,73,25,0,23,0,9,82,25,0,31,0,9,77,29,0,26,0,8,123,40,0,34,0,0
13,0,60,20,14,17,3,0,84,29,59,29,0,0,57,20,14,20,3,0,93,31,63,31,0,0,49,15,12,15,0,0,72,25,49,24,0,0,58,20,14,19,3,0,90,29,61,29,0,0,51,15,12,14,0,0,71,22,51,25,0,0,63,20,14,19,3,0,90,29,63,29,0,0,49,18,12,17,0,0,73,24,48,23,0,0,97,28,0,32,0,11,66,28,0,29,0,7,71,24,0,25,0,8,96,33,0,31,0,0
13,1,58,23,16,21,3,0,91,27,59,29,0,0,56,18,15,21,3,0,94,29,60,30,0,0,49,15,13,16,0,0,73,24,51,27,0,0,69,19,13,21,3,0,91,30,62,32,0,0,44,15,12,16,0,0,71,25,52,26,0,0,62,19,15,20,3,0,97,29,61,34,0,0,46,16,12,16,0,0,70,25,50,23,0,0,100,32,0,35,0,11,75,23,0,21,0,9,77,23,0,21,0,7,98,32,0,30,0,0
13,2,61,21,13,16,3,0,92,26,63,30,0,0,65,19,16,20,3,0,92,32,59,30,0,0,43,17,14,14,0,0,72,25,50,24,0,0,59,19,15,20,3,0,96,29,58,30,0,0,46,14,13,15,0,0,70,24,47,22,0,0,62,17,14,17,3,0,90,34,62,28,0,0,45,20,13,17,0,0,72,24,48,24,0,0,96,30,0,31,0,10,81,19,0,23,0,7,68,25,0,25,0,6,102,31,0,29,0,0
13,3,61,19,15,18,3,0,88,31,62,33,0,0,64,19,13,22,3,0,93,29,63,29,0,0,54,17,14,15,0,0,73,23,51,25,0,0,69,21,16,19,3,0,90,30,59,30,0,0,47,15,13,16,0,0,73,22,51,25,0,0,59,23,13,21,3,0,91,31,62,29,0,0,49,16,12,17,0,0,70,22,49,23,0,0,100,32,0,36,0,11,84,25,0,26,0,7,75,25,0,23,0,8,92,38,0,32,0,0
13,4,58,20,17,19,3,0,92,29,58,30,0,0,59,19,14,22,3,0,88,30,57,33,0,0,50,18,13,13,0,0,76,23,49,24,0,0,65,22,16,19,3,0,90,31,62,31,0,0,41,16,12,16,0,0,70,22,51,24,0,0,62,19,16,22,3,0,93,31,60,32,0,0,52,14,12,15,0,0,68,24,51,24,0,0,94,35,0,32,0,11,71,29,0,23,0,7,74,22,0,27,0,8,93,34,0,30,0,0
13,5,56,18,16,19,3,0,85,30,63,32,0,0,61,22,14,19,3,0,89,28,56,31,0,0,49,17,12,15,0,0,72,25,50,25,0,0,56,20,15,22,3,0,85,30,60,31,0,0,46,18,13,15,0,0,72,24,55,25,0,0,60,20,16,22,3,0,90,28,62,34,0,0,50,17,14,15,0,0,67,25,50,22,0,0,96,34,0,32,0,10,72,19,0,24,0,8,65,27,0,23,0,8,92,33,0,30,0,0
13,6,61,18,14,20,3,0,91,30,61,30,0,0,53,17,17,20,3,0,90,29,65,30,0,0,46,14,14,16,0,0,74,25,49,25,0,0,58,18,16,20,3,0,92,27,59,29,0,0,46,17,13,18,0,0,71,24,51,25,0,0,57,23,16,22,3,0,86,30,57,31,0,0,48,16,14,15,0,0,71,24,47,24,0,0,85,30,0,34,0,10,72,21,0,24,0,9,72,24,0,21,0,8,94,34,0,36,0,0
13,7,60,17,16,18,3,0,94,29,59,29,0,0,56,19,13,21,3,0,87,28,60,30,0,0,48,16,14,17,0,0,78,26,53,23,0,0,62,19,13,22,3,0,89,29,59,30,0,0,53,15,14,17,0,0,73,25,50,26,0,0,62,17,15,21,3,0,88,28,57,27,0,0,50,13,12,15,0,0,71,22,51,22,0,0,101,30,0,32,0,11,72,23,0,25,0,7,74,27,0,26,0,8,92,30,0,33,0,0
13,8,70,22,14,19,3,0,90,28,63,31,0,0,57,18,15,20,3,0,89,29,60,29,0,0,48,16,12,17,0,0,71,23,49,24,0,0,60,21,16,22,3,0,89,28,63,33,0,0,50,17,13,16,0,0,67,24,49,24,0,0,60,23,16,20,3,0,90,31,60,29,0,0,48,13,11,16,0,0,76,24,49,22,0,0,99,30,0,34,0,11,72,25,0,24,0,7,62,24,0,28,0,8,93,35,0,32,0,0
13,9,56,19,14,18,3,0,87,24,62,27,0,0,62,20,17,22,3,0,95,28,60,30,0,0,47,16,13,17,0,0,72,25,50,23,0,0,60,19,14,19,3,0,93,29,60,30,0,0,46,16,13,16,0,0,73,23,53,23,0,0,54,21,15,19,3,0,91,31,60,30,0,0,52,16,11,17,0,0,73,24,51,24,0,0,96,32,0,30,0,9,82,26,0,19,0,8,74,21,0,24,0,7,92,34,0,27,0,0
13,10,63,20,15,22,3,0,88,32,63,28,0,0,64,21,17,21,3,0,93,34,62,30,0,0,45,15,11,16,0,0,75,24,52,24,0,0,59,20,15,20,3,0,88,34,62,28,0,0,41,16,13,15,0,0,75,24,50,25,0,0,58,20,16,20,3,0,92,30,62,29,0,0,49,15,13,16,0,0,78,27,51,24,0,0,92,34,0,33,0,12,68,22,0,23,0,8,68,26,0,21,0,8,94,34,0,33,0,0
13,11,59,20,16,20,3,0,82,32,62,32,0,0,53,19,14,19,3,0,90,31,61,24,0,0,46,14,13,16,0,0,72,21,49,25,0,0,65,21,14,22,3,0,83,32,59,31,0,0,48,18,12,16,0,0,77,23,51,24,0,0,56,20,16,22,3,0,86,29,58,30,0,0,47,17,11,15,0,0,70,26,48,24,0,0,95,35,0,34,0,10,64,25,0,25,0,7,73,25,0,21,0,7,102,29,0,33,0,0
13,12,65,19,15,17,3,0,84,30,62,31,0,0,58,17,16,22,3,0,88,31,62,28,0,0,44,19,12,16,0,0,70,25,52,24,0,0,66,19,15,20,3,0,85,31,59,29,0,0,48,15,12,13,0,0,77,25,50,23,0,0,50,19,16,22,3,0,95,29,62,29,0,0,45,15,12,17,0,0,70,23,51,24,0,0,100,33,0,30,0,10,68,21,0,22,0,8,77,23,0,26,0,8,98,36,0,33,0,0
13,13,54,21,15,18,3,0,88,27,63,30,0,0,68,21,15,19,3,0,90,28,57,28,0,0,53,19,13,16,0,0,71,23,52,26,0,0,57,20,15,19,3,0,92,31,60,31,0,0,48,18,11,16,0,0,72,20,48,23,0,0,63,19,14,21,3,0,89,28,57,31,0,0,51,17,13,18,0,0,66,25,49,23,0,0,98,27,0,27,0,11,73,22,0,26,0,8,67,23,0,26,0,8,95,32,0,33,0,0
13,14,50,22,17,19,3,0,89,32,60,29,0,0,55,21,16,22,3,0,84,31,56,29,0,0,52,17,12,15,0,0,72,25,52,23,0,0,54,20,15,18,3,0,91,29,61,28,0,0,46,16,14,17,0,0,75,26,56,24,0,0,65,22,16,23,3,0,91,30,61,33,0,0,47,16,13,16,0,0,67,23,51,26,0,0,91,29,0,32,0,10,65,28,0,22,0,9,69,21,0,23,0,8,93,34,0,33,0,0
13,15,57,20,14,20,3,0,96,30,62,30,0,0,59,20,15,20,3,0,92,31,61,30,0,0,50,17,13,15,0,0,69,23,50,24,0,0,53,23,15,20,3,0,88,29,59,30,0,0,52,17,13,16,0,0,68,21,47,24,0,0,60,20,15,23,3,0,90,30,62,32,0,0,47,17,13,16,0,0,73,23,49,23,0,0,100,32,0,29,0,8,70,24,0,24,0,8,74,20,0,23,0,7,93,27,0,29,0,0
13,16,59,19,15,22,3,0,87,29,61,33,0,0,65,21,15,22,3,0,86,31,56,29,0,0,46,16,12,16,0,0,74,24,49,22,0,0,64,19,14,20,3,0,91,29,65,30,0,0,50,13,12,15,0,0,69,25,52,24,0,0,59,19,16,23,3,0,91,31,58,29,0,0,49,18,12,13,0,0,71,25,47,22,0,0,97,32,0,34,0,10,77,21,0,28,0,8,70,21,0,23,0,8,101,36,0,29,0,0
13,17,55,19,16,21,3,0,95,33,61,26,0,0,61,22,15,21,3,0,87,29,62,29,0,0,49,16,14,16,0,0,67,25,54,25,0,0,57,18,14,23,3,0,89,29,63,28,0,0,51,16,14,18,0,0,72,24,50,24,0,0,54,23,15,18,3,0,93,29,59,31,0,0,47,17,13,16,0,0,67,23,51,23,0,0,101,38,0,34,0,11,70,25,0,29,0,7,67,23,0,21,0,8,100,31,0,29,0,0
13,18,57,21,16,21,3,0,86,31,61,28,0,0,63,24,16,20,3,0,87,30,58,27,0,0,49,16,12,14,0,0,73,23,50,26,0,0,62,18,14,20,3,0,92,31,61,30,0,0,48,15,13,18,0,0,71,23,48,23,0,0,61,16,15,21,3,0,90,30,61,30,0,0,52,16,12,15,0,0,74,24,51,25,0,0,87,29,0,29,0,10,76,27,0,23,0,7,72,25,0,26,0,6,95,36,0,31,0,0
13,19,59,20,14,18,3,0,90,28,60,32,0,0,66,19,13,21,3,0,91,29,60,32,0,0,48,15,11,15,0,0,71,25,48,26,0,0,55,24,17,20,3,0,89,28,61,29,0,0,46,16,12,19,0,0,70,25,50,24,0,0,62,21,15,20,3,0,87,30,60,31,0,0,49,16,12,15,0,0,73,24,50,25,0,0,93,34,0,32,0,10,75,24,0,20,0,8,70,18,0,24,0,8,103,34,0,36,0,0
14,0,59,18,14,18,3,0,82,32,62,31,0,0,56,17,14,21,3,0,94,33,60,30,0,0,44,15,13,16,0,0,71,24,49,24,0,0,62,17,15,21,3,0,88,29,60,30,0,0,52,21,15,23,3,0,89,31,56,29,0,0,62,18,16,19,3,0,96,31,63,33,0,0,45,17,11,17,0,0,72,26,52,25,0,0,97,33,0,32,0,11,79,24,0,25,0,7,71,28,0,22,0,9,122,42,0,37,0,0
14,1,65,19,16,18,3,0,90,29,63,32,0,0,63,19,15,21,3,0,91,30,63,31,0,0,44,16,12,17,0,0,75,24,50,24,0,0,61,19,14,17,3,0,91,32,57,27,0,0,61,20,13,21,3,0,89,26,59,29,0,0,62,20,16,16,3,0,89,31,56,31,0,0,46,15,13,18,0,0,75,27,52,23,0,0,97,31,0,37,0,10,76,21,0,25,0,7,75,26,0,25,0,7,114,37,0,39,0,0
14,2,64,17,14,19,3,0,89,30,63,30,0,0,58,21,16,20,3,0,90,30,58,29,0,0,52,19,14,14,0,0,68,22,50,20,0,0,58,22,16,19,3,0,93,29,60,29,0,0,55,20,15,18,3,0,93,29,56,31,0,0,58,19,14,20,3,0,86,31,60,26,0,0,50,19,10,14,0,0,64,24,52,24,0,0,102,34,0,37,0,10,72,22,0,23,0,8,78,23,0,22,0,8,112,39,0,44,0,0
14,3,60,20,14,19,3,0,93,30,63,33,0,0,63,22,14,18,3,0,89,31,63,30,0,0,46,16,12,16,0,0,72,24,50,23,0,0,57,19,13,21,3,0,89,29,61,31,0,0,61,23,15,20,3,0,92,30,61,33,0,0,59,16,15,20,3,0,93,28,59,32,0,0,46,16,10,14,0,0,72,26,48,24,0,0,94,35,0,29,0,10,73,24,0,23,0,8,71,23,0,24,0,7,118,36,0,40,0,0
14,4,63,21,14,20,3,0,87,28,62,32,0,0,59,21,12,22,3,0,89,32,58,32,0,0,49,17,12,14,0,0,75,24,52,24,0,0,58,22,17,20,3,0,89,31,59,33,0,0,57,21,15,20,3,0,93,31,60,30,0,0,63,22,12,20,3,0,90,31,58,30,0,0,51,14,15,18,0,0,72,23,50,24,0,0,98,36,0,31,0,10,70,25,0,26,0,8,78,27,0,25,0,9,120,39,0,38,0,0
14,5,61,22,14,19,3,0,89,28,61,32,0,0,63,20,15,23,3,0,81,30,62,28,0,0,48,16,13,15,0,0,76,24,49,25,0,0,55,22,16,22,3,0,90,30,59,29,0,0,59,18,16,20,3,0,86,33,59,31,0,0,61,15,17,21,3,0,86,33,58,29,0,0,46,16,14,18,0,0,71,25,50,23,0,0,106,36,0,33,0,11,72,25,0,28,0,9,71,28,0,24,0,8,117,39,0,45,0,0
14,6,56,19,14,23,3,0,88,32,57,34,0,0,58,20,15,18,3,0,94,28,60,31,0,0,49,14,13,16,0,0,69,22,51,27,0,0,56,20,16,18,3,0,94,32,60,29,0,0,58,19,14,20,3,0,90,30,60,28,0,0,61,19,14,21,3,0,93,28,60,27,0,0,52,14,12,18,0,0,71,22,51,25,0,0,93,31,0,31,0,9,71,29,0,22,0,7,75,27,0,27,0,8,128,42,0,42,0,0
14,7,61,22,15,18,3,0,91,30,59,32,0,0,66,22,16,19,3,0,90,32,62,31,0,0,44,14,13,17,0,0,72,27,48,22,0,0,58,19,16,19,3,0,84,28,57,30,0,0,61,23,16,22,3,0,90,31,61,29,0,0,62,18,14,18,3,0,88,32,58,29,0,0,48,16,12,17,0,0,74,26,50,23,0,0,93,33,0,31,0,10,69,25,0,20,0,8,70,29,0,24,0,8,120,41,0,39,0,0
14,8,56,19,14,18,3,0,96,31,63,32,0,0,63,19,15,19,3,0,93,31,60,30,0,0,49,17,11,15,0,0,75,24,49,24,0,0,59,21,14,20,3,0,91,31,59,28,0,0,69,19,15,21,3,0,86,28,63,28,0,0,60,18,14,20,3,0,97,31,62,31,0,0,48,15,13,16,0,0,70,24,49,24,0,0,95,29,0,26,0,12,71,26,0,18,0,7,71,30,0,25,0,8,127,47,0,40,0,0
14,9,55,19,15,23,3,0,83,29,61,31,0,0,62,21,16,20,3,0,88,30,63,30,0,0,47,17,12,17,0,0,78,27,50,24,0,0,66,20,16,18,3,0,87,30,57,33,0,0,65,20,16,21,3,0,93,32,62,26,0,0,58,18,15,17,3,0,92,30,61,30,0,0,51,15,13,16,0,0,69,26,49,25,0,0,96,36,0,29,0,10,73,28,0,28,0,8,58,26,0,27,0,8,120,37,0,41,0,0
14,10,63,20,14,17,3,0,88,31,64,29,0,0,58,20,15,23,3,0,95,30,61,29,0,0,44,18,13,16,0,0,72,22,48,24,0,0,58,20,15,19,3,0,89,31,57,30,0,0,61,18,16,19,3,0,84,32,58,30,0,0,62,22,14,19,3,0,92,28,59,30,0,0,46,14,12,18,0,0,72,26,50,23,0,0,101,33,0,35,0,11,77,25,0,22,0,8,73,26,0,27,0,7,120,39,0,43,0,0
14,11,64,22,15,20,3,0,89,32,60,28,0,0,61,21,15,22,3,0,88,30,57,31,0,0,43,17,13,17,0,0,70,24,49,23,0,0,59,21,15,22,3,0,84,30,58,30,0,0,58,19,16,21,3,0,90,32,63,27,0,0,59,22,15,18,3,0,84,30,62,28,0,0,49,17,12,14,0,0,73,24,50,23,0,0,96,33,0,38,0,11,74,24,0,24,0,8,63,22,0,24,0,9,119,41,0,43,0,0
14,12,61,19,15,19,3,0,93,31,60,33,0,0,55,23,15,21,3,0,92,32,61,29,0,0,58,18,13,16,0,0,70,24,52,23,0,0,56,21,15,19,3,0,91,28,57,29,0,0,63,21,16,18,3,0,95,31,65,31,0,0,64,20,14,19,3,0,84,28,59,31,0,0,48,16,12,16,0,0,76,24,47,22,0,0,99,31,0,32,0,11,71,24,0,22,0,8,75,21,0,29,0,7,116,42,0,36,0,0
14,13,62,20,16,19,3,0,94,34,56,31,0,0,53,23,15,18,3,0,91,30,63,33,0,0,46,17,13,14,0,0,70,27,51,25,0,0,59,19,15,20,3,0,93,29,60,30,0,0,61,22,14,21,3,0,85,30,63,30,0,0,62,21,14,23,3,0,84,31,61,33,0,0,47,15,12,15,0,0,69,26,52,24,0,0,94,27,0,34,0,10,71,25,0,29,0,8,73,20,0,20,0,8,118,38,0,38,0,0
14,14,66,20,14,20,3,0,86,29,60,31,0,0,64,18,14,19,3,0,88,29,62,31,0,0,51,18,12,14,0,0,69,22,49,23,0,0,63,20,15,20,3,0,87,28,62,31,0,0,54,21,14,19,3,0,92,30,59,31,0,0,60,23,16,18,3,0,95,32,59,28,0,0,45,16,14,17,0,0,67,23,49,23,0,0,94,33,0,34,0,11,64,21,0,24,0,8,72,24,0,25,0,8,126,40,0,40,0,0
14,15,65,18,17,18,3,0,94,28,58,30,0,0,68,22,15,16,3,0,89,29,60,28,0,0,53,18,13,16,0,0,70,24,53,25,0,0,61,22,16,21,3,0,93,30,59,29,0,0,58,17,14,18,3,0,89,30,61,33,0,0,58,20,15,22,3,0,94,30,60,32,0,0,49,15,13,16,0,0,71,25,50,25,0,0,99,30,0,33,0,10,74,22,0,27,0,8,82,27,0,26,0,8,115,41,0,41,0,0
14,16,62,22,15,20,3,0,93,30,60,28,0,0,59,22,15,20,3,0,92,28,58,28,0,0,47,16,12,15,0,0,75,25,50,23,0,0,58,19,14,18,3,0,96,30,59,29,0,0,59,19,15,20,3,0,97,32,61,31,0,0,67,21,14,21,3,0,89,32,56,28,0,0,47,16,11,16,0,0,75,24,52,23,0,0,93,34,0,33,0,10,79,22,0,26,0,8,73,18,0,20,0,7,125,35,0,42,0,0
14,17,59,18,17,18,3,0,96,31,60,32,0,0,61,20,15,21,3,0,93,30,60,28,0,0,52,15,13,16,0,0,68,26,50,26,0,0,59,21,13,19,3,0,92,29,62,29,0,0,63,22,16,19,3,0,90,28,59,32,0,0,56,21,15,19,3,0,89,30,61,32,0,0,48,16,11,15,0,0,69,25,50,24,0,0,96,30,0,36,0,11,75,24,0,28,0,7,69,25,0,22,0,7,123,35,0,37,0,0
14,18,64,21,15,19,3,0,85,30,60,28,0,0,66,21,16,19,3,0,91,33,60,29,0,0,50,14,13,14,0,0,74,23,51,25,0,0,61,18,14,19,3,0,90,28,63,29,0,0,61,19,13,18,3,0,91,30,56,32,0,0,61,20,16,22,3,0,86,32,57,33,0,0,48,15,11,14,0,0,72,24,48,24,0,0,90,34,0,32,0,10,71,23,0,25,0,8,70,19,0,27,0,7,120,41,0,38,0,0
14,19,59,22,15,18,3,0,91,31,60,29,0,0,58,21,14,19,3,0,89,29,57,31,0,0,52,19,13,16,0,0,69,21,50,27,0,0,65,22,15,21,3,0,88,29,59,29,0,0,57,20,14,20,3,0,86,29,60,27,0,0,57,21,14,23,3,0,87,30,57,27,0,0,47,16,13,15,0,0,76,22,48,25,0,0,91,29,0,32,0,10,69,22,0,18,0,7,71,23,0,23,0,8,116,44,0,34,0,0
